set,Real_P,Real_Overlap,Real_Genes,Syn_P,Syn_Overlap,Syn_Genes,Genes
RNA transport,1.7670674535230828e-06,58/66,NUP37;EIF3H;THOC2;UPF1;EIF2B5;NUP133;THOC1;PABPC5;NUP214;NUP107;EIF5B;NUP210L;EIF2B1;NXF5;THOC7;EIF4EBP1;ACIN1;EEF1A2;GEMIN5;NXT1;ELAC1;RPP40;SENP2;XPO5;TACC3;FUS;EIF3J;NXT2;RAE1;THOC3;NUP205;FXR2;EIF4E2;POP5;EIF2B2;NXF3;PNN;GEMIN6;EIF4A3;RPP38;NUP62;NUP35;RPP25;TGS1;MAGOH;DDX19A;NUP85;EIF4G1;DDX19B;AAAS;EIF1B;NUP98;DDX20;THOC6;PABPC3;CLNS1A;NUP54;POP7,0.21029589105883065,27/66,EIF3H;RANGAP1;THOC2;THOC1;PABPC5;NXF5;THOC5;EIF4EBP1;GEMIN5;RPP40;SENP2;TACC3;PABPC4;THOC3;NUP205;FXR2;EIF4E2;EIF2B2;PNN;GEMIN6;NUP35;NUP85;DDX19B;NUP98;THOC6;RPP21;POP7,66
Spliceosome,0.0003314810211038825,43/51,SF3B2;THOC2;THOC1;PRPF6;AQR;ACIN1;SNRPB2;DDX23;PRPF3;SMNDC1;SART1;PRPF40A;USP39;HSPA1L;SNRPG;FUS;SF3B4;LSM6;SF3B5;CTNNBL1;PRPF18;SF3B1;LSM7;DHX8;DHX15;THOC3;CDC5L;BUD31;DHX16;LSM2;EIF4A3;EFTUD2;HSPA6;MAGOH;PPIH;PQBP1;PRPF4;ISY1;SNRPD3;SNRPE;PHF5A;DHX38;SNW1,0.23669896460627407,21/51,U2AF1L4;THOC2;THOC1;SNRPB2;DDX23;SART1;SF3A2;USP39;SF3B4;LSM6;LSM2;LSM7;DHX8;THOC3;EFTUD2;HSPA6;PQBP1;SNRPE;PHF5A;TRA2A;SNW1,51
Amyotrophic lateral sclerosis,0.0007561124384248033,113/153,NDUFB5;NDUFS8;NUP133;NDUFB8;COX5B;PSMA4;NRG4;UQCRQ;PSMB3;NXT1;ITPR3;UQCRC2;NDUFS6;PSMC3;NDUFA13;DDIT3;PSMA5;NDUFB3;PSMD14;DNAL1;NDUFS3;ATF6;UQCRC1;NXT2;RAE1;PFN3;TANK;NRG2;NDUFB1;UBQLN2;PSMD2;DNAH9;NDUFA11;TUBA3C;NUP37;NUP214;PSMD8;SQSTM1;ULK2;NDUFA7;PSMD4;PSMD11;TNFRSF1A;TUBA1A;BAD;ATXN2;MAP3K5;GABARAP;ANXA7;PPP3CC;COX6B1;NUP205;RB1CC1;DNAL4;NXF3;NDUFC1;MAPK11;COX6C;NDUFA3;COX7A2;PSMD7;NDUFB10;PSMA2;PSMD6;NUP98;TUBAL3;TUBB2A;NUP107;DCTN2;TRAF2;NUP210L;CYC1;NXF5;TNFRSF1B;UBQLN4;GPX2;TUBB8;KIF5B;COX8A;GPX6;DNALI1;TUBA8;PIK3R4;NDUFA4L2;GRIA1;DNAH2;NDUFA8;PSMB4;NUP35;NUP85;FIG4;NDUFAB1;DCTN5;COX7B2;COX7B;C9ORF72;PIK3C3;WDR41;GPX5;COX7C;NDUFB11;FUS;GPX3;NUP62;KIF5A;ACTR1B;PSMC5;DAXX;PRPH;MAP2K6;COX7A1;SDHB;NUP54,0.47902560685269024,55/153,MAPK12;TUBA3C;NDUFS8;NDUFB8;DCTN2;TRAF2;COX5B;PSMA4;NDUFA7;CYC1;NXF5;TNFRSF1B;UBQLN4;ITPR3;PSMC2;COX4I2;PSMC3;GPX2;NDUFA13;TUBB8;NDUFV2;NDUFB2;COX8A;DNALI1;UBQLN3;MAP3K5;GABARAP;NDUFS3;NRG3;ATF6;NUP205;RB1CC1;NDUFA8;DNAL4;PSMB4;NDUFC1;TANK;PFN3;NUP35;NUP85;PFN4;PSMD2;ACTR1B;PSMD7;NDUFB10;PSMC5;DAXX;WIPI1;DNAH9;NUP98;MAP2K6;NDUFAB1;COX7A1;C9ORF72;DNAI1,153
Ribosome,0.002610103812734368,39/48,MRPL15;RPS16;MRPL14;MRPS16;RPS18;RPS12;MRPL11;MRPL27;RPS21;MRPS2;MRPS9;MRPS17;MRPS18C;RPL36AL;MRPL1;MRPL9;RPS3;RPL35A;RPL22L1;MRPL22;MRPS14;RPS27L;MRPL28;UBA52;MRPL36;MRPL13;RPL7;RPS20;RPL36;RPL10L;RPS9;MRPL12;MRPL4;MRPL16;RPL8;MRPL23;RPS23;MRPL17;MRPS7,0.050547669077392166,23/48,MRPL15;MRPL14;MRPS16;RPS18;RPS12;RPS21;MRPS9;RPL3L;MRPS18C;MRPL1;RPS3;RPL22L1;MRPL22;MRPS14;MRPL28;MRPL36;RPL36;MRPL4;MRPL16;RPL8;RPS23;MRPL17;RPS4Y2,48
Aminoacyl-tRNA biosynthesis,0.004514438495246235,15/16,NARS2;DARS2;WARS2;RARS2;FARS2;LARS2;IARS2;FARSA;SARS2;TARS2;MTFMT;MARS2;AARS2;PSTK;YARS2,0.16887503738493567,8/16,DARS2;FARS2;LARS2;IARS2;FARSA;TARS2;PSTK;YARS2,16
mRNA surveillance pathway,0.00474558919175261,32/39,PPP2R2A;UPF1;GSPT2;PABPC5;SSU72;CSTF2;NXF5;CPSF3;ACIN1;NXT1;PPP2R2B;SYMPK;MSI2;ETF1;PPP2R5B;PPP2R3B;FUS;SMG5;PAPOLB;PPP2R5E;NXT2;CSTF1;PNN;NXF3;EIF4A3;DAZAP1;CPSF1;MAGOH;DDX19A;DDX19B;MSI1;PABPC3,0.780184327183163,12/39,PPP2R2B;GSPT2;PABPC5;MSI2;PCF11;DDX19B;CSTF1;PABPC4;PNN;NXF5;ETF1;CPSF3,39
DNA replication,0.0069370990379530205,14/15,POLA1;LIG1;POLA2;RNASEH2B;RPA4;PRIM1;RPA1;RFC5;RNASEH1;RNASEH2A;RPA3;SSBP1;RFC2;POLE2,0.04561544795240129,9/15,POLA1;POLA2;RPA2;RPA1;RFC5;RNASEH1;RNASEH2A;RPA3;POLE2,15
Huntington disease,0.00993542356512255,91/127,NDUFB5;NDUFS8;NDUFB8;COX5B;PSMA4;CREB3;UQCRQ;PSMB3;PSMC3;UQCRC2;NDUFA13;NDUFS6;PSMA5;NDUFB3;CLTCL1;PSMD14;DNAL1;NDUFS3;UQCRC1;NDUFB1;PSMD2;AP2S1;DNAH9;POLR2B;NDUFA11;TUBA3C;PSMD8;POLR2E;ULK2;NDUFA7;PSMD4;PSMD11;TUBA1A;MAP3K5;COX6B1;RB1CC1;DNAL4;CLTA;NDUFC1;COX6C;NDUFA3;COX7A2;PSMD7;NDUFB10;PSMA2;PSMD6;TUBAL3;POLR2F;CREB3L1;TUBB2A;SLC25A31;DCTN2;TRAF2;CYC1;GPX2;TUBB8;KIF5B;COX8A;GPX6;DNALI1;TUBA8;PIK3R4;NDUFA4L2;POLR2G;GRIA1;DNAH2;NDUFA8;PSMB4;CREB3L4;POLR2J;NDUFAB1;DCTN5;COX7B2;TAF4;COX7B;HDAC1;PIK3C3;POLR2C;SIN3A;GPX5;COX7C;PPIF;NDUFB11;POLR2I;GPX3;KIF5A;ACTR1B;PSMC5;POLR2H;COX7A1;SDHB,0.4609168237040911,46/127,TUBA3C;NDUFS8;TAF4;NDUFB8;DCTN2;TRAF2;COX5B;CREB3;PSMA4;NDUFA7;CYC1;HDAC1;PSMC2;COX4I2;PSMC3;GPX2;NDUFA13;TUBB8;NDUFV2;NDUFB2;COX8A;CLTCL1;DNALI1;MAP3K5;TBP;NDUFS3;POLR2G;RB1CC1;NDUFA8;DNAL4;CLTA;PSMB4;NDUFC1;PSMD2;ACTR1B;PSMD7;NDUFB10;PSMC5;POLR2J;WIPI1;DNAH9;NDUFAB1;UCP1;COX7A1;DNAI1;POLR2B,127
Parkinson disease,0.009999357547324955,77/106,NDUFB5;NDUFS8;NDUFB8;COX5B;PSMA4;UQCRQ;HTRA2;PSMB3;ITPR3;PSMC3;UQCRC2;NDUFA13;NDUFS6;DDIT3;PSMA5;NDUFB3;PSMD14;NDUFS3;ATF6;UQCRC1;NDUFB1;PSMD2;CAMK2D;NDUFA11;TUBA3C;PSMD8;NDUFA7;PSMD4;PSMD11;SNCAIP;TUBA1A;SLC18A2;MAP3K5;COX6B1;GNAI1;TRAP1;NDUFC1;TXN2;COX6C;NDUFA3;COX7A2;PSMD7;NDUFB10;PSMA2;PSMD6;NFE2L2;TUBAL3;RYR3;TUBB2A;SLC25A31;CYC1;TUBB8;KIF5B;COX8A;TUBA8;SLC6A3;NDUFA4L2;CALML6;NDUFA8;PSMB4;GNAI3;UBA7;NDUFAB1;COX7B2;COX7B;CALML4;SLC18A1;SNCA;COX7C;PPIF;NDUFB11;UBA52;KIF5A;PSMC5;DAXX;COX7A1;SDHB,0.15741489938611225,43/106,TUBA3C;NDUFS8;CALML4;MAOA;NDUFB8;CYC1;COX5B;PSMA4;NDUFA7;HTRA2;SNCA;ITPR3;PSMC2;COX4I2;PSMC3;NDUFA13;TUBB8;NDUFV2;UBE2J1;NDUFB2;COX8A;SLC18A2;MAP3K5;SLC6A3;NDUFS3;ATF6;CALML6;GNAI1;NDUFA8;TRAP1;PSMB4;NDUFC1;PSMD2;PSMD7;NDUFB10;PSMC5;UBE2L6;DAXX;GNAI3;UBA7;NDUFAB1;GNAI2;COX7A1,106
RNA polymerase,0.011204218572851997,16/18,POLR1E;POLR2I;POLR2G;POLR3E;POLR1C;POLR3GL;POLR2J;POLR2C;POLR2E;POLR2H;POLR3D;POLR3H;POLR2F;POLR3K;POLR2B;POLR3G,0.14821406831866596,9/18,POLR1E;POLR2G;POLR3E;POLR2J;POLR3D;POLR3H;POLR3K;POLR2B;POLR3C,18
Cardiac muscle contraction,0.0161663178416149,37/48,ATP1B2;CACNA2D4;ATP2A1;ASPH;MYL2;CYC1;COX5B;UQCRQ;CACNG1;CACNG5;ATP1B3;CACNB4;UQCRC2;SLC9A1;COX8A;COX7C;RYR2;CACNG8;COX6B1;UQCRC1;COX7B2;ATP1A3;CACNA1F;SLC9A7;HRC;CASQ2;CACNG4;COX6C;TNNI3;COX7A2;CACNG2;CACNG6;COX7A1;ATP1A2;CACNG3;ATP1A1;COX7B,0.43623812305579457,18/48,ATP1B3;CACNG7;COX4I2;ATP1B2;COX7A1;CACNA2D4;ATP1A3;ATP1A1;ASPH;CYC1;COX5B;COX8A;TNNI3;CACNG1;CACNG3;ATP1B4;RYR2;CACNG4,48
Nucleotide excision repair,0.018864121494133485,20/24,ERCC5;POLE2;GTF2H1;CETN2;XPC;RFC5;CCNH;RFC2;GTF2H5;GTF2H4;CDK7;LIG1;RPA1;RPA4;RBX1;RPA3;RAD23A;ERCC6;DDB2;ERCC4,0.4929569547526611,9/24,CETN2;RPA2;RPA1;RFC5;RBX1;RPA3;CCNH;POLE2;GTF2H4,24
Ribosome biogenesis in eukaryotes,0.02057808163804471,27/34,MDN1;PWP2;IMP4;NXF5;REXO1;TBL3;GTPBP4;NXT1;DKC1;RCL1;HEATR1;NVL;IMP3;NXT2;UTP6;POP5;NAT10;NXF3;RPP38;RPP25;SPATA5;RIOK2;RBM28;UTP18;XRN2;RPP40;POP7,0.8195693814997078,10/34,SPATA5;RBM28;WDR75;DKC1;FCF1;UTP18;NXF5;RPP40;POP7;GTPBP4,34
Fanconi anemia pathway,0.03294583712988568,23/29,BLM;FANCG;FANCC;RMI1;FANCB;PALB2;TELO2;EME1;WDR48;FANCF;BRIP1;TOP3B;RPA1;BRCA2;FANCA;RPA4;POLN;ATR;REV3L;UBE2T;RPA3;POLH;ERCC4,0.19285808068212656,13/29,FANCE;RPA2;RPA1;ATR;POLN;FANCG;FANCC;FANCF;UBE2T;TELO2;RPA3;POLH;BRIP1,29
Cell cycle,0.03420747860816522,36/48,ANAPC10;ANAPC2;ZBTB17;SMC3;CCNE2;CDKN1C;HDAC1;CDC14A;BUB1;YWHAH;GADD45G;CDC23;WEE1;PTTG2;E2F3;CCNB2;BUB1B;CCNH;CDK7;PTTG1;CDC14B;CCNA2;CDC26;CCNE1;CDC16;TTK;GADD45A;ANAPC11;CDC20;TFDP2;ATR;CDC6;RBX1;E2F1;CHEK1;CCNB3,0.013128183447646088,25/48,ANAPC10;CDKN2C;SMC1B;HDAC1;YWHAH;TGFB1;CDC23;WEE1;PTTG2;E2F3;BUB1B;CCNH;PTTG1;CCNA2;CCNE1;ANAPC4;TTK;ANAPC13;GADD45A;ANAPC11;CDC20;ATR;RBX1;CHEK1;CCNB3,48
Endocytosis,0.035760551179329705,60/84,FOLR1;RAB11B;PSD4;IL2RB;VPS37C;SPG21;ARFGEF1;DNM3;PIP5KL1;ARFGAP3;PIP5K1B;VPS36;ARPC5L;VPS37B;ARFGEF2;VPS28;EPN1;PARD3;SH3GL2;ARPC3;KIF5B;SNX6;SNX12;GBF1;CLTCL1;EPS15L1;HSPA1L;CAPZB;ARPC2;STAMBP;STAM;GRK6;VPS4A;CLTA;CHMP6;RAB5B;KIF5A;ARPC1B;IL2RG;HSPA6;DAB2;EHD4;PLD2;VPS25;VPS37D;RUFY2;USP8;AP2S1;RUFY1;VPS26A;ARPC5;TFRC;FGFR2;ZFYVE27;PSD2;PML;ARF4;SNX4;SMURF2;WWP1,0.06330641278134826,37/84,RAB11B;PSD4;IL2RB;VPS37C;ARFGEF1;DNM3;PIP5KL1;SNX2;VPS36;ARPC5L;EHD1;PARD3;ARPC3;SNX6;SNX12;CLTCL1;EPS15L1;CAPZB;STAMBP;STAM;GRK6;IQSEC3;CLTA;CHMP6;RAB5B;HSPA6;SH3GLB1;USP8;RUFY1;ARPC5;FGFR2;ZFYVE27;CHMP2A;CHMP1B;PML;ARF4;GBF1,84
"Valine, leucine and isoleucine degradation",0.07049208473311436,18/23,HMGCS2;ALDH7A1;MCCC1;IL4I1;OXCT1;MCCC2;HMGCL;AACS;PCCA;HIBADH;MCEE;ACADS;EHHADH;BCKDHA;ALDH9A1;HMGCLL1;OXCT2;ALDH6A1,0.9497583805048004,5/23,HMGCS2;ALDH7A1;MCCC2;EHHADH;HMGCLL1,23
Salmonella infection,0.08128729967883251,68/99,MAP2K4;CASP5;NCKAP1;DYNC1H1;TUBA3C;BIRC2;NLRP3;TUBB2A;PIK3C2A;FBXO22;RHOH;DCTN2;TRAF2;MYL2;TLR5;FYCO1;PIK3CG;RAB9A;DYNLL2;ARPC5L;PIK3C3;NLRC4;PIK3C2B;IL18;MAP2K2;PYCARD;ARPC3;FLNB;TUBB8;DYNLT1;KIF5B;RIPK3;TNFRSF1A;TUBA1A;TUBA8;DYNLRB1;EXOC2;ARPC2;MYLPF;AKT3;PLEKHM2;TCF7L1;TLR9;FLNC;NFKBIA;RPS3;RIPK1;RAF1;FOS;TXN2;PFN3;STX10;RAB5B;NCKAP1L;MAPK11;ARPC1B;KIF5A;ACTR1B;S100A10;ARPC5;GAPDH;MAP2K6;TUBAL3;TLR2;MAP2K1;DCTN5;MYL7;GSDMD,0.4619967941771162,36/99,NCKAP1;MAPK12;DYNC1H1;TUBA3C;BIRC2;NLRP3;FBXO22;DCTN2;TRAF2;FYCO1;PIK3CG;RAB9A;NLRC4;ARPC5L;PIK3C2B;IL18;ARPC3;FLNB;TUBB8;DYNLT1;RIPK3;BAK1;WASF3;AKT3;PLEKHM2;RPS3;RIPK1;FOS;PFN3;RAB5B;PFN4;ACTR1B;ARPC5;MAP2K6;MYL7;GSDMD,99
Protein processing in endoplasmic reticulum,0.08608121220716297,49/70,EDEM3;CRYAB;P4HB;PPP1R15A;SEC24A;FBXO2;TRAF2;CAPN2;DNAJB11;UBQLN4;DERL2;PDIA6;TUSC3;HSPH1;DNAJC5G;UBE2D4;SEC24C;DDIT3;SEC31B;MBTPS2;HSPA1L;MAP3K5;ATF6;HERPUD1;RPN2;BAG1;DNAJA2;PLAA;RAD23A;SVIP;FBXO6;CAPN1;SEC61A1;NGLY1;ERP29;CKAP4;HSPA6;SSR4;HSPA4L;DNAJB1;UBQLN2;SIL1;PRKCSH;PDIA4;NFE2L2;RBX1;WFS1;SSR1;CALR,0.0020600976355770054,37/70,CRYAB;PPP1R15A;SEC24D;SEC24A;FBXO2;TRAF2;UBQLN4;EIF2AK4;SEC24B;TUSC3;HSPH1;DNAJC5G;UBE2J1;SEC31B;MBTPS2;UBQLN3;BAK1;MAP3K5;DNAJB12;ATF6;DDOST;DNAJA2;PLAA;STUB1;SEC61A1;NGLY1;ERP29;CKAP4;HSPA6;DNAJB1;SIL1;PRKCSH;LMAN1L;DNAJC5B;RBX1;EIF2AK2;WFS1,70
Homologous recombination,0.08768841401858418,15/19,RPA4;BLM;EME1;UIMC1;TOP3B;RPA1;RAD54B;BRCA2;RPA3;BARD1;PALB2;TOPBP1;BRIP1;XRCC2;SSBP1,0.1968035809436429,9/19,RPA2;RAD52;RPA1;RAD54B;SYCP3;RPA3;TOPBP1;BRIP1;XRCC2,19
Hypertrophic cardiomyopathy,0.09604214464460165,35/49,MYBPC3;CACNA2D4;ATP2A1;ITGA4;MYL2;ITGA7;CACNG1;CACNG5;PRKAB1;CACNB4;EDN1;SGCB;ITGA11;ITGA8;ITGB5;DES;RYR2;CACNG8;TTN;CACNA1F;LAMA2;ITGB6;SGCG;SGCA;EMD;ITGB7;CACNG4;TNNI3;AGT;CACNG6;CACNG2;ITGA6;PRKAG1;CACNG3;PRKAA1,0.259273974069609,20/49,MYBPC3;CACNA2D4;ITGA4;ITGA7;CACNG1;ITGA10;TGFB1;PRKAB1;DES;RYR2;CACNG7;ITGB6;SGCG;SGCA;TNNI3;CACNG4;AGT;PRKAG1;CACNG3;PRKAA1,49
Toxoplasmosis,0.09711055801286858,33/46,HLA-DRB1;IFNGR1;BIRC2;LAMC3;PIK3CG;CD40LG;HLA-DOB;TNFRSF1A;HSPA1L;BAD;PPIF;AKT3;IL12A;IL10RB;NFKBIA;ALOX5;LAMB4;GNAI1;JAK2;LAMA3;LAMA2;LAMB2;HLA-DMB;MAPK11;HSPA6;HLA-DRB4;IFNGR2;ITGA6;GNAI3;MAP2K6;HLA-DRB3;TLR2;LAMB1,0.1617778094416305,20/46,MAPK12;BIRC2;PIK3CG;TGFB1;NFKBIB;CD40LG;IL12B;AKT3;IL10RB;LAMB4;GNAI1;JAK2;LAMB2;HLA-DMB;HSPA6;IFNGR2;GNAI3;MAP2K6;GNAI2;LAMB1,46
Ubiquitin mediated proteolysis,0.09711055801286858,33/46,ANAPC10;UBE2M;RHOBTB1;ANAPC2;BIRC2;FBXO2;DET1;CDC23;UBE2R2;COP1;UBE2D4;UBE2NL;PIAS4;PIAS2;HERC3;KLHL9;HERC1;UBE2E2;UBA52;CDC26;RNF7;UBE4A;CDC16;UBE2U;ANAPC11;CDC20;UBA7;RBX1;CUL2;PML;DDB2;SMURF2;WWP1,0.0989380573917579,21/46,ANAPC10;BIRC2;FBXO2;DET1;UBE2O;CDC23;UBE2R2;UBE2NL;UBE2J1;HERC1;STUB1;ANAPC4;ANAPC13;MGRN1;ANAPC11;CDC20;UBE2L6;UBA7;RBX1;PPIL2;PML,46
Thermogenesis,0.09768552849065863,63/92,CREB3L1;PRKAA1;NDUFB5;NDUFS8;LIPE;NDUFB8;CYC1;COX5B;TSC1;CREB3;NDUFA7;RPS6KB2;UQCRQ;COX16;ADCY4;PRKAB1;SIRT6;MGLL;UQCRC2;NDUFS6;NDUFA13;SMARCD3;NDUFB3;COX8A;COX7C;NDUFB11;MAP3K5;BMP8B;ZNF516;NDUFA4L2;NDUFS3;COX6B1;UQCRC1;CPT1C;NDUFA8;ACSL5;COX17;NPPA;NDUFC1;ACSL4;DPF1;MAPK11;COX6C;NDUFA3;CREB3L4;NDUFB1;RPS6KA2;COX7A2;ACSL6;NDUFB10;NPPB;RPS6KA6;CPT2;ARID1B;ADRB3;NDUFAB1;SLC25A20;PRKAG1;COX7A1;COX7B2;SDHB;COX7B;NDUFA11,0.19661987795809002,37/92,MAPK12;DPF3;NDUFS8;NDUFB8;CYC1;COX5B;CREB3;TSC1;NDUFA7;COX16;ADCY4;PRKAB1;COX4I2;MGLL;COX10;NDUFA13;SMARCD3;NDUFV2;NDUFB2;COX8A;MAP3K5;NDUFS3;CPT1C;NDUFA8;COX17;NPPA;NDUFC1;DPF1;NDUFB10;NPPB;ARID1B;GCG;NDUFAB1;UCP1;PRKAG1;COX7A1;PRKAA1,92
RNA degradation,0.09904513010029876,27/37,EXOSC4;EXOSC9;PABPC5;CNOT10;EDC4;CNOT3;LSM1;BTG4;CNOT1;PAN3;PNLDC1;WDR61;CNOT8;LSM6;PNPT1;LSM2;LSM7;EXOSC5;EXOSC1;MPHOSPH6;BTG2;DCP1B;EXOSC2;PFKM;DHX36;XRN2;PABPC3,0.4410750328966321,14/37,EXOSC4;MPHOSPH6;LSM2;EXOSC9;PABPC5;DIS3L;LSM7;CNOT1;CNOT4;EXOSC2;PFKM;PABPC4;DCPS;LSM6,37
Fc gamma R-mediated phagocytosis,0.09904707030558771,25/34,LIMK1;MARCKS;RPS6KB2;PIP5K1B;PLCG2;ARPC5L;ARPC3;SCIN;INPPL1;PLA2G4A;ARPC2;WAS;AKT3;SPHK2;RAF1;HCK;ARPC1B;PRKCG;PLD2;MARCKSL1;DOCK1;ARPC5;SYK;MAP2K1;FCGR2A,0.5718763657185453,12/34,MARCKSL1;ARPC3;PLA2G6;PLA2G4A;ARPC5L;ARPC5;SYK;INPPL1;FCGR2B;WASF3;PLCG2;AKT3,34
Pentose phosphate pathway,0.11613386290848705,14/18,RPIA;PRPS1L1;TKTL2;TKT;ALDOC;PFKM;PGM2;GPI;G6PD;RBKS;PGM1;FBP2;FBP1;DERA,0.14821406831866596,9/18,TKTL1;TKTL2;ALDOC;PFKM;PGM2;GLYCTK;PGD;FBP1;DERA,18
Arrhythmogenic right ventricular cardiomyopathy,0.1186939359148071,30/42,CACNA2D4;ATP2A1;ITGA4;ITGA7;CACNG1;CACNG5;ACTN3;CACNB4;CDH2;SGCB;ITGA11;ITGA8;ITGB5;DES;RYR2;TCF7L1;CACNG8;CACNA1F;LAMA2;ITGB6;SGCG;SGCA;EMD;ITGB7;CACNG4;CACNG6;CACNG2;ITGA6;DSG2;CACNG3,0.6684215091757744,14/42,ACTN3;CACNG3;CACNG7;SGCA;CACNA2D4;ITGA4;ITGA7;ITGB6;CACNG1;DES;ITGA10;RYR2;SGCG;CACNG4,42
Adrenergic signaling in cardiomyocytes,0.1203190944405393,45/65,CREB3L1;PPP2R2A;CALML4;ATP1B2;CACNA2D4;ATP2A1;MYL2;CREB3;ADRA1A;PIK3CG;CACNG1;ADRB2;CACNG5;ATP1B3;ADCY4;CACNB4;PPP2R2B;SLC9A1;PPP2R5B;PPP2R3B;RYR2;AKT3;PPP2R5E;CACNG8;CALML6;ATP1A3;GNAI1;CACNA1F;ADRA1D;ADRB1;CREM;MAPK11;CACNG4;CREB3L4;TNNI3;AGT;SCN4B;CACNG6;CACNG2;GNAI3;CAMK2D;SCN7A;ATP1A2;CACNG3;ATP1A1,0.12378876068607474,28/65,MAPK12;CALML4;ATP1B2;CACNA2D4;CREB3;PIK3CG;CACNG1;ADRB2;ATP1B4;ADCY4;ATP1B3;PPP2R2B;AGTR2;RYR2;AKT3;CACNG7;CALML6;ATP1A3;GNAI1;CREM;CACNG4;TNNI3;AGT;GNAI3;GNAI2;SCN7A;CACNG3;ATP1A1,65
Oxidative phosphorylation,0.12307342425363907,43/62,PPA1;NDUFB5;NDUFS8;ATP6V1B2;ATP6V1E1;ATP6V0D1;NDUFB8;CYC1;COX5B;NDUFA7;TCIRG1;UQCRQ;ATP6V0E2;UQCRC2;NDUFS6;NDUFA13;NDUFB3;COX8A;COX7C;NDUFB11;NDUFA4L2;NDUFS3;COX6B1;UQCRC1;NDUFA8;COX17;ATP6V1G3;ATP6V1D;NDUFC1;ATP6V0A2;ATP6V1B1;COX6C;NDUFA3;NDUFB1;ATP6V1G2;COX7A2;NDUFB10;NDUFAB1;COX7A1;COX7B2;SDHB;COX7B;NDUFA11,0.6489463331457421,21/62,PPA1;NDUFS8;ATP6V1B2;NDUFB8;CYC1;COX5B;NDUFA7;COX4I2;COX10;NDUFA13;NDUFV2;NDUFB2;COX8A;NDUFS3;NDUFA8;ATP6V0E1;COX17;NDUFC1;NDUFB10;NDUFAB1;COX7A1,62
Dilated cardiomyopathy,0.13720964475880557,33/47,MYBPC3;CACNA2D4;ATP2A1;ITGA4;MYL2;ITGA7;CACNG1;CACNG5;ADCY4;CACNB4;SGCB;ITGA11;ITGA8;ITGB5;DES;RYR2;CACNG8;TTN;CACNA1F;ADRB1;LAMA2;ITGB6;SGCG;SGCA;EMD;ITGB7;CACNG4;TNNI3;AGT;CACNG6;CACNG2;ITGA6;CACNG3,0.39368703847425623,18/47,MYBPC3;TGFB1;ADCY4;AGT;CACNG3;CACNG7;SGCA;CACNA2D4;ITGA4;ITGA7;TNNI3;ITGB6;CACNG1;DES;ITGA10;RYR2;SGCG;CACNG4,47
Phagosome,0.14345836977296514,42/61,HLA-DRB1;TUBA3C;DYNC1H1;TUBB2A;COLEC12;ATP6V1B2;TAP1;ATP6V0D1;ATP6V1E1;MSR1;TCIRG1;PIK3C3;NCF4;ATP6V0E2;TAP2;ITGAM;LAMP2;STX7;TUBB8;HLA-DOB;C1R;TUBA1A;ITGB5;TUBA8;MARCO;ATP6V1G3;ATP6V1D;ATP6V1B1;ATP6V0A2;SEC61A1;RAB5B;HLA-DMB;HLA-DRB4;ATP6V1G2;CYBA;STX12;TFRC;TUBAL3;HLA-DRB3;TLR2;FCGR2A;CALR,0.9944913096478898,13/61,TUBA3C;DYNC1H1;TAP2;STX12;COLEC12;ATP6V1B2;HLA-DMB;TUBB8;ATP6V0E1;THBS3;FCGR2B;SEC61A1;RAB5B,61
Pathways of neurodegeneration,0.1460147631944768,128/196,NDUFB5;NDUFS8;NDUFB8;ATP2A1;COX5B;PSMA4;UQCRQ;HTRA2;PSMB3;ITPR3;UQCRC2;NDUFS6;PSMC3;NDUFA13;DDIT3;PSMA5;NDUFB3;PSMD14;DNAL1;BRAF;NDUFS3;ATF6;UQCRC1;TANK;CAPN1;NDUFB1;PSMD2;DNAH9;CAMK2D;NDUFA11;TUBA3C;PSMD8;SQSTM1;ULK2;NDUFA7;FZD8;PSMD4;FZD3;PSMD11;SNCAIP;TNFRSF1A;BAD;ATXN2;TUBA1A;MAP3K5;GABARAP;COX6B1;PPP3CC;RB1CC1;DNAL4;TRAP1;NDUFC1;MAPK11;COX6C;NDUFA3;COX7A2;PSMD7;NDUFB10;PSMA2;PSMD6;RYR3;TUBAL3;WNT5B;TUBB2A;SLC25A31;DKK1;DCTN2;TRAF2;CYC1;TNFRSF1B;MAP2K2;GPX2;TUBB8;KIF5B;COX8A;GPX6;DNALI1;TUBA8;SLC6A3;PIK3R4;NDUFA4L2;ARAF;CALML6;GRIA1;DNAH2;CACNA1F;RAF1;FZD9;NDUFA8;LRP5;PSMB4;PRKCG;FIG4;UBA7;NDUFAB1;MAP2K1;DCTN5;COX7B2;SPTBN2;CAPN2;COX7B;CALML4;FRAT2;FRAT1;C9ORF72;FZD10;PIK3C3;SNCA;WNT5A;WDR41;GPX5;COX7C;PPIF;NDUFB11;FUS;RYR2;GPX3;UBA52;KIF5A;ACTR1B;FZD2;PSMC5;DAXX;PRPH;MAP2K6;COX7A1;SDHB;CDK5R1,0.772819293395391,65/196,MAPK12;TUBA3C;NDUFS8;CALML4;NDUFB8;DCTN2;TRAF2;COX5B;PSMA4;NDUFA7;CYC1;FZD8;TNFRSF1B;HTRA2;SNCA;ITPR3;PSMC2;COX4I2;PSMC3;GPX2;NDUFA13;TUBB8;NDUFV2;UBE2J1;NDUFB2;COX8A;DNALI1;BAK1;MAP3K5;RYR2;WNT8B;SLC6A3;GABARAP;WNT10B;WNT8A;NDUFS3;NOX1;ATF6;CALML6;CDK5;RB1CC1;NDUFA8;DNAL4;FZD9;TRAP1;PSMB4;NDUFC1;TANK;PSMD2;ACTR1B;WNT9B;PSMD7;NDUFB10;PSMC5;UBE2L6;DAXX;WIPI1;DNAH9;UBA7;MAP2K6;NDUFAB1;COX7A1;C9ORF72;DNAI1;CDK5R1,196
Pyrimidine metabolism,0.15213219441983006,21/29,ENTPD4;DHODH;NT5M;ENPP3;NME7;UCK2;TK1;UCKL1;UPB1;CAD;NT5C1A;ENTPD1;RRM1;UMPS;RRM2B;NME3;CMPK2;ENPP1;TYMS;CTPS2;UPP2,0.7520466488202127,9/29,NME3;UPP2;UPB1;CAD;NME6;ENPP3;ENPP1;UCK2;TK1,29
Other types of O-glycan biosynthesis,0.15216287602767004,13/17,GALNT9;B4GALT1;C1GALT1;GALNT7;B4GALT3;GALNT8;ST6GAL2;GALNT12;POFUT1;GALNTL5;LFNG;GALNT14;GALNT2,0.04168476111538075,10/17,GALNT9;B4GALT1;C1GALT1;B4GALT3;GALNT1;ST6GAL2;POMT2;PLOD3;LFNG;GALNT2,17
Diabetic cardiomyopathy,0.15311167262169464,56/83,NDUFB5;NDUFS8;INS;IRS1;SLC25A31;ATP2A1;NDUFB8;G6PD;CYC1;COX5B;NDUFA7;UQCRQ;GSR;NCF4;MMP9;UQCRC2;NDUFS6;NDUFA13;NDUFB3;COX8A;COX7C;PDHA1;PPIF;NDUFB11;RYR2;AKT3;PARP1;NDUFA4L2;NDUFS3;GYS1;COX6B1;UQCRC1;NDUFA8;PDK2;NDUFC1;PDK3;MAPK11;COX6C;NDUFA3;TNNI3;NDUFB1;AGT;CYBA;COX7A2;PRKCG;NDUFB10;CPT2;TBC1D4;GAPDH;CAMK2D;NDUFAB1;COX7A1;COX7B2;SDHB;COX7B;NDUFA11,0.3981148415253015,31/83,MAPK12;NDUFS8;INS;NDUFB8;CYC1;COX5B;NDUFA7;GSR;TGFB1;COX4I2;MMP9;NDUFA13;GYS2;NDUFV2;NDUFB2;COX8A;PDHA1;RYR2;AKT3;PARP1;NDUFS3;NDUFA8;PDHA2;PDK2;NDUFC1;PDK3;TNNI3;AGT;NDUFB10;NDUFAB1;COX7A1,83
Non-small cell lung cancer,0.15359434112774717,19/26,PLCG2;GADD45G;MAP2K2;E2F3;KIF5B;BAD;AKT3;BRAF;ARAF;ALK;RAF1;RXRB;KIF5A;PRKCG;GADD45A;E2F1;MAP2K1;RASSF5;DDB2,0.7559176541056895,8/26,EGF;E2F3;GADD45A;ALK;RASSF5;BAK1;PLCG2;AKT3,26
p53 signaling pathway,0.1543519918967215,17/23,CCNG1;RRM2B;RPRM;COP1;CCNB2;GADD45A;ATR;TP53I3;CCNE2;PPM1D;EI24;CHEK1;PERP;CCNE1;DDB2;SESN3;GADD45G,0.6041911516606486,8/23,CCNG1;RPRM;GADD45A;ATR;PPM1D;CHEK1;PERP;CCNE1,23
Synaptic vesicle cycle,0.15848044834022004,34/49,RIMS1;SLC6A13;ATP6V1B2;ATP6V1E1;ATP6V0D1;DNM3;SLC6A12;TCIRG1;CPLX3;SLC18A1;SLC6A2;ATP6V0E2;SLC18A3;SLC17A7;CPLX4;STX2;CLTCL1;STX3;SLC18A2;SLC6A11;SYT1;SLC6A3;SLC1A7;CLTA;ATP6V1G3;ATP6V1D;ATP6V1B1;ATP6V0A2;NAPA;RAB3A;ATP6V1G2;AP2S1;SLC1A6;SLC6A7,0.8779687631318901,14/49,SLC18A3;SLC1A7;SLC6A13;ATP6V1B2;DNM3;CPLX4;STX2;SLC1A6;CLTA;CLTCL1;ATP6V0E1;SLC6A7;SLC18A2;SLC6A3,49
Apoptosis,0.17569480770120274,37/54,NGFR;TUBA3C;BIRC2;TRAF2;LMNB2;HTRA2;GADD45G;BOK;ITPR3;MAP2K2;CTSO;DDIT3;TNFRSF1A;TUBA1A;BAD;TUBA8;LMNB1;MAP3K5;AKT3;CTSK;PTPN13;PARP1;NFKBIA;CTSF;RIPK1;RAF1;FOS;ENDOG;CAPN1;CTSZ;GADD45A;MAP3K14;DAXX;PARP2;TUBAL3;MAP2K1;CAPN2,0.45407718130833846,20/54,NGFR;TUBA3C;BIRC2;TRAF2;LMNB2;HTRA2;CSF2RB;BOK;ITPR3;BAK1;MAP3K5;AKT3;PARP1;RIPK1;FOS;ENDOG;NGF;GADD45A;DAXX;PARP2,54
Oocyte meiosis,0.18572785884769885,33/48,ANAPC10;CPEB1;CALML4;ANAPC2;INS;SMC3;CCNE2;REC8;BUB1;YWHAH;ADCY4;CDC23;ITPR3;PTTG2;CCNB2;PPP2R5B;PPP2R5E;PTTG1;PPP3CC;CALML6;CDC26;CCNE1;CDC16;MAPK11;RPS6KA2;RPS6KA6;ANAPC11;CDC20;FBXO43;RBX1;CAMK2D;FBXO5;MAP2K1,0.050547669077392166,23/48,ANAPC10;CPEB1;MAPK12;CALML4;INS;PGR;SMC1B;REC8;YWHAH;ADCY4;CDC23;ITPR3;PTTG2;PTTG1;CALML6;CCNE1;ANAPC4;ANAPC13;STAG3;ANAPC11;CDC20;RBX1;FBXO5,48
Lysine degradation,0.19578111980021493,14/19,PIPOX;ALDH7A1;AADAT;SMYD1;SMYD2;DOT1L;SUV39H1;SETD1A;PRDM7;PLOD2;EZH1;EHHADH;ALDH9A1;BBOX1,0.5354382190110907,7/19,ALDH7A1;SUV39H1;SETD1A;PRDM7;EZH1;PLOD3;EHHADH,19
Viral myocarditis,0.19702739562991528,12/16,HLA-DRB1;HLA-DRB4;EIF4G1;CD40LG;HLA-DOB;SGCB;HLA-DRB3;LAMA2;ICAM1;SGCA;HLA-DMB;SGCG,0.7237182372730193,5/16,ICAM1;CD40LG;SGCG;SGCA;HLA-DMB,16
Glutathione metabolism,0.20795109133623607,25/36,ODC1;GSS;GPX4;GSTA2;GSTA3;G6PD;GSR;GSTA4;CHAC1;GPX2;GSTM2;GPX5;GSTK1;RRM1;GPX6;GCLM;RRM2B;SRM;GPX3;GSTO2;CHAC2;PRDX6;GGCT;TXNDC12;GSTA5,0.7829846262796243,11/36,NAT8;PRDX6;GGCT;SRM;GPX2;GSTA2;GSTA3;GSTM2;GSTK1;PGD;GSR,36
Prion disease,0.20840569924382596,76/116,CREB3L1;TUBA3C;NDUFB5;NDUFS8;TUBB2A;SLC25A31;PSMD8;NDUFB8;CYC1;COX5B;PSMA4;CREB3;NDUFA7;UQCRQ;PSMD4;PSMB3;C9;NCF4;ITPR3;PSMC3;UQCRC2;NDUFA13;NDUFS6;PSMD11;TUBB8;DDIT3;KIF5B;PSMA5;NDUFB3;COX8A;COX7C;TUBA1A;PSMD14;BAD;TUBA8;HSPA1L;PPIF;NDUFB11;RYR2;NCAM2;NDUFA4L2;NDUFS3;PPP3CC;UQCRC1;COX6B1;NOTCH1;CACNA1F;NDUFA8;PSMB4;NDUFC1;KIF5A;MAPK11;COX6C;NDUFA3;CREB3L4;NDUFB1;GRIN3A;CYBA;COX7A2;PSMD2;HSPA6;PSMD7;NDUFB10;PSMA2;CCL5;PSMC5;PSMD6;TUBAL3;RYR3;NDUFAB1;COX7A1;COX7B2;SDHB;EGR1;COX7B;NDUFA11,0.9557824514780506,33/116,MAPK12;TUBA3C;NDUFS8;NDUFB8;CYC1;COX5B;CREB3;PSMA4;NDUFA7;C5;ITPR3;PSMC2;COX4I2;PSMC3;NDUFA13;TUBB8;NDUFV2;NDUFB2;COX8A;RYR2;NCAM2;NDUFS3;NDUFA8;PSMB4;NDUFC1;HSPA6;PSMD2;PSMD7;NDUFB10;PSMC5;CCL5;NDUFAB1;COX7A1,116
Epstein-Barr virus infection,0.2139511403361787,55/83,MAP2K4;HLA-DRB1;BTK;IFNA10;TAP1;IRF3;PSMD8;TRAF2;CCNE2;ICAM1;HDAC1;PSMD4;BLNK;PLCG2;CALR;GADD45G;SIN3A;NFKBIE;SNW1;TAP2;E2F3;PSMC3;PSMD11;HLA-DOB;ENTPD1;RELB;PSMD14;B2M;AKT3;CD58;NFKBIA;IRF9;RIPK1;CCNA2;IKBKE;STAT2;CCNE1;HLA-DMB;MAPK11;HLA-DRB4;SAP30;PSMD2;PSMD7;GADD45A;MAP3K14;PSMC5;SYK;IFNA8;PSMD6;MAP2K6;E2F1;HLA-DRB3;TLR2;DDB2;CD3G,0.5800296130841682,29/83,MAPK12;IRF3;TRAF2;ICAM1;HDAC1;PLCG2;NFKBIE;PSMC2;TAP2;NFKBIB;E2F3;PSMC3;IFNA21;BAK1;AKT3;RIPK1;CCNA2;CCNE1;HLA-DMB;SAP30;PSMD2;PSMD7;GADD45A;PSMC5;SYK;EIF2AK2;MAP2K6;IFNA5;SNW1,83
Herpes simplex virus 1 infection,0.2265806826469075,136/212,ZNF420;IFNA10;SRPK1;TAP1;IRF3;ZNF792;TSC1;ZNF669;ZNF746;EIF2B1;ZNF519;ZNF624;IFIH1;TNFRSF14;TLR3;ZNF565;ZNF623;ZNF773;AKT3;IL12A;ZNF33B;IRF9;ZNF568;ZNF57;ZNF540;EIF2B2;STAT2;ZNF607;HLA-DRB4;ZNF416;ZNF17;SYK;HLA-DRB3;ZNF559;PML;HCFC1;IFNGR1;ZNF382;BIRC2;EIF2B5;ZNF480;ZNF442;ZNF426;ZNF226;ZNF461;ZNF41;ZNF584;ZNF684;ZNF530;ZNF333;ZNF354A;ZNF595;HLA-DOB;ZNF350;TNFRSF1A;BAD;ZNF560;TLR9;ZNF225;NFKBIA;IKBKE;PILRB;ZNF43;NXF3;ZNF317;ZNF157;HCFC2;ZNF558;RNASEL;IFNA8;ZNF674;ZNF556;ZNF567;ZNF689;TLR2;CALR;ZNF768;ZNF34;ZFP14;ZNF214;TRAF2;ZNF354C;ZNF383;NXF5;ZIK1;EIF4EBP1;ZNF780B;ZNF415;TAP2;ZNF227;ZNF566;CCL2;ZNF569;ZNF610;ZNF620;ZNF418;ZNF573;ZNF627;B2M;ZNF570;ZNF785;ZNF182;CFP;JAK2;HLA-DMB;ZNF74;ZNF718;ZNF667;IFNGR2;CCL5;ZNF582;ZNF670;TNFSF14;HLA-DRB1;ZNF705D;ZNF766;ZNF91;ZNF221;ZNF793;ZNF84;ZNF543;ZNF14;ZNF124;ZNF547;ZNF256;ZNF721;ZNF528;ZNF132;ZNF790;ZNF230;ZNF7;ZNF181;DAXX;ZFP82;ZNF114;ZNF443,0.11339150623018443,84/212,ZNF420;SRPK1;IRF3;ZNF792;TSC1;ZNF669;ZNF624;ZNF519;TNFRSF14;IFNA21;BAK1;AKT3;ZNF676;ZNF33B;EIF2B2;ZNF709;ZNF607;ZNF416;ZNF17;SYK;EIF2AK2;PML;ZNF382;BIRC2;ZNF426;ZNF41;ZNF180;ZNF354A;ZNF595;ZNF350;ZNF43;ZNF208;ZNF157;HCFC2;RNASEL;ZNF556;ZNF674;ZNF567;ZNF286A;ZNF234;ZNF441;ZNF34;TRAF2;NXF5;EIF4EBP1;ZNF701;C5;ZNF415;TAP2;ZNF227;ZNF566;ZNF569;ZNF620;ZNF573;ZNF570;CFP;JAK2;HLA-DMB;ZNF224;ZNF74;ZNF718;ZNF667;IFNGR2;CCL5;TNFSF14;EIF2AK4;ZNF766;ZNF793;ZNF398;ZNF543;ZNF14;IL12B;ZNF547;ZNF256;ZNF30;ZNF155;ZNF721;ZNF132;ZNF230;ZNF7;DAXX;ZFP82;ZNF443;IFNA5,212
Human T-cell leukemia virus 1 infection,0.22714706063325005,51/77,MAP2K4;ANAPC10;CREB3L1;HLA-DRB1;ANAPC2;IL2RB;SLC25A31;CCNE2;CREB3;ICAM1;TRRAP;CALR;ADCY4;CDC23;PTTG2;MAP2K2;E2F3;CCNB2;HLA-DOB;RELB;DLG1;BUB1B;TNFRSF1A;B2M;EGR2;AKT3;PTTG1;NFKBIA;PPP3CC;NFATC4;CCNA2;FOS;CDC26;ZFP36;CCNE1;HLA-DMB;CDC16;CREB3L4;IL2RG;HLA-DRB4;GPS2;ANAPC11;CDC20;MAP3K14;ATR;CHEK1;E2F1;HLA-DRB3;MAP2K1;EGR1;CD3G,0.5710891199494181,27/77,ANAPC10;CDKN2C;IL2RB;CREB3;POLB;ICAM1;ADCY4;TGFB1;CDC23;PTTG2;E2F3;BUB1B;AKT3;TBP;PTTG1;CCNA2;CD4;FOS;ZFP36;CCNE1;ANAPC4;HLA-DMB;TNFRSF13C;ANAPC11;CDC20;ATR;CHEK1,77
Basal transcription factors,0.23297027304252596,17/24,CDK7;TAF1L;GTF2E1;GTF2E2;TAF7;CCNH;TAF6L;GTF2H4;TAF5L;GTF2F1;TAF12;TAF10;GTF2A2;GTF2B;TAF4;GTF2H5;GTF2H1,0.6598082501146421,8/24,TBP;GTF2E2;CCNH;GTF2F1;TAF10;TAF11;TAF4;GTF2H4,24
Proteasome,0.23297027304252596,17/24,PSMD2;PSMD7;PSMC3;PSMD8;PSMD11;PSME4;PSMD14;PSMB10;PSMA2;PSMA5;PSMA4;PSMC5;PSMD6;PSMB4;PSMD4;PSMB3;PSMB8,0.6598082501146421,8/24,PSMC2;PSMD2;PSMD7;PSMC3;PSME4;PSMC5;PSMA4;PSMB4,24
cGMP-PKG signaling pathway,0.24152990521766426,47/71,CREB3L1;IRS1;INS;ATP1B2;CALML4;SLC25A31;ATP2A1;CREB3;NPPC;ADRA1A;PIK3CG;ADCY4;ATP1B3;ITPR3;PDE3B;MAP2K2;MYLK2;KCNMB4;PDE2A;BDKRB2;BAD;PPIF;TRPC6;AKT3;RGS2;PPP3CC;CALML6;NFATC4;ATP1A3;ADRA2C;GNAI1;CACNA1F;RAF1;ADRA1D;ADRB1;NPPA;CREB3L4;ADRA2B;NPPB;GNAI3;GATA4;ADRB3;MAP2K1;KCNMB3;ATP1A2;ADRB2;ATP1A1,0.20245959586261947,29/71,CALML4;INS;ATP1B2;CREB3;NPPC;PIK3CG;ATP1B4;MEF2B;ADCY4;ATP1B3;ITPR3;PDE3B;MYLK2;PDE3A;PDE2A;BDKRB2;GUCY1A2;AKT3;OPRD1;CALML6;ATP1A3;GNAI1;NPPA;ADRA2B;NPPB;GNAI3;GNAI2;ADRB2;ATP1A1,71
TNF signaling pathway,0.24192564301937416,33/49,MAP2K4;CCL20;CREB3L1;DNM1L;BIRC2;BCL3;TRAF2;MAP3K8;CREB3;MMP14;ICAM1;TNFRSF1B;RPS6KA4;CCL2;MMP9;EDN1;RIPK3;TNFRSF1A;NOD2;JAG1;MAP3K5;AKT3;NFKBIA;RIPK1;FOS;SELE;IRF1;MAPK11;CREB3L4;MAP3K14;CCL5;MAP2K6;MAP2K1,0.5973738480870661,17/49,MAPK12;BIRC2;MMP9;RIPK1;CCL5;TRAF2;FOS;CREB3;RIPK3;MMP14;MAP2K6;ICAM1;TNFRSF1B;MAP3K5;SELE;IRF1;AKT3,49
AMPK signaling pathway,0.24192564301937416,33/49,RAB11B;CREB3L1;PPP2R2A;LIPE;INS;IRS1;EEF2;TSC1;CREB3;ADRA1A;RPS6KB2;CAB39;EIF4EBP1;FASN;PRKAB1;PPP2R2B;LEPR;RAB2A;PPP2R5B;PPP2R3B;FBP1;AKT3;PPP2R5E;GYS1;CCNA2;CPT1C;LEP;FBP2;CREB3L4;PFKFB4;PFKM;PRKAG1;PRKAA1,0.259273974069609,20/49,RAB11B;EEF2;INS;TSC1;CREB3;EIF4EBP1;PRKAB1;PPP2R2B;GYS2;FBP1;AKT3;CCNA2;CPT1C;LEP;SIRT1;PFKFB4;PFKM;PRKAG1;G6PC3;PRKAA1,49
Thyroid hormone synthesis,0.24569119159425915,24/35,CREB3L1;ATP1B2;DUOX1;CREB3;SLC5A5;GSR;ADCY4;ATP1B3;ITPR3;GPX2;TG;GPX5;GPX6;ATP1A3;TPO;GPX3;TTF1;TTR;CREB3L4;PRKCG;PDIA4;DUOXA2;ATP1A2;ATP1A1,0.1373288974364746,16/35,ADCY4;ATP1B3;ITPR3;ATP1B2;GPX2;TG;TSHB;ATP1A3;ATP1A1;DUOX1;CREB3;TTF1;TTR;ATP1B4;SLC5A5;GSR,35
Glycosaminoglycan biosynthesis,0.24569119159425915,24/35,HS3ST2;CHST12;B3GAT3;NDST4;CHST6;NDST1;EXT1;NDST2;EXTL1;EXTL2;B3GALT6;B4GALT3;NDST3;HS3ST5;UST;B3GNT2;CHST11;B4GALT4;CHPF;B4GALT1;XYLT2;DSE;B4GALT7;CHST13,0.4800814298602182,13/35,B4GALT1;B4GALT3;NDST3;XYLT2;NDST1;CHST12;NDST2;B4GALT7;B3GAT3;CHSY1;EXTL1;GLCE;NDST4,35
Small cell lung cancer,0.24569119159425915,24/35,BIRC2;LAMC3;ZBTB17;TRAF2;CCNE2;COL4A2;GADD45G;E2F3;AKT3;NFKBIA;CKS2;LAMB4;LAMA3;COL4A4;LAMA2;LAMB2;RXRB;CCNE1;GADD45A;ITGA6;E2F1;COL4A5;LAMB1;DDB2,0.6197693757315851,12/35,LAMB1;BIRC2;E2F3;GADD45A;CKS2;LAMB4;TRAF2;COL4A4;CCNE1;LAMB2;BAK1;AKT3,35
Alzheimer disease,0.24595725249329337,103/160,NDUFB5;NDUFS8;INS;NDUFB8;ATP2A1;COX5B;PSMA4;UQCRQ;PSMB3;ITPR3;UQCRC2;NDUFS6;PSMC3;NDUFA13;DDIT3;PSMA5;NDUFB3;PSMD14;NCSTN;AKT3;BRAF;NDUFS3;ATF6;UQCRC1;CAPN1;NDUFB1;PSMD2;RTN4;GPR83;NDUFA11;TUBA3C;PSMD8;ULK2;NDUFA7;FZD8;PSMD4;FZD3;PSMD11;TNFRSF1A;TUBA1A;BAD;MAP3K5;PPP3CC;COX6B1;RB1CC1;NDUFC1;COX6C;NDUFA3;COX7A2;PSMD7;NDUFB10;PSMA2;PSMD6;GAPDH;RYR3;TUBAL3;LPL;WNT5B;IRS1;TUBB2A;SLC25A31;DKK1;TRAF2;CYC1;MAP2K2;TUBB8;KIF5B;COX8A;TUBA8;PIK3R4;NDUFA4L2;ARAF;CALML6;CACNA1F;RAF1;FZD9;NDUFA8;LRP5;PSMB4;NDUFAB1;MAP2K1;COX7B2;CAPN2;COX7B;IDE;CALML4;FRAT2;FRAT1;FZD10;PIK3C3;SNCA;WNT5A;APH1B;COX7C;PPIF;NDUFB11;PSENEN;KIF5A;FZD2;PSMC5;COX7A1;SDHB;CDK5R1,0.886275886893803,50/160,IDE;TUBA3C;NDUFS8;INS;CALML4;NDUFB8;TRAF2;COX5B;PSMA4;NDUFA7;CYC1;FZD8;SNCA;ITPR3;PSMC2;COX4I2;PSMC3;NDUFA13;TUBB8;NDUFV2;NDUFB2;APH1B;COX8A;PSENEN;MAP3K5;AKT3;WNT8B;WNT8A;WNT10B;NDUFS3;NOX1;ATF6;CALML6;CDK5;RB1CC1;NDUFA8;FZD9;PSMB4;NDUFC1;PSMD2;WNT9B;PSMD7;NDUFB10;PSMC5;WIPI1;EIF2AK2;NDUFAB1;COX7A1;GPR83;CDK5R1,160
Aldosterone synthesis and secretion,0.25006437036856927,31/46,CREB3L1;LIPE;CALML4;ATP1B2;CAMK1D;NR4A2;DAGLA;CACNA1G;CREB3;CYP11B2;ADCY4;ATP1B3;ITPR3;MC2R;HSD3B2;PDE2A;DAGLB;CALML6;ATP1A3;CACNA1F;NPPA;CREB3L4;PRKCG;AGT;ATF1;CYP21A2;CAMK2D;ATP1A2;CYP11A1;ATP1A1;CAMK4,0.0989380573917579,21/46,CALML4;CAMK1D;ATP1B2;NR4A2;CACNA1G;CREB3;ATP1B4;CYP11B2;ADCY4;ATP1B3;ITPR3;HSD3B2;PDE2A;KCNK9;CALML6;ATP1A3;NPPA;AGT;CAMK1;ATP1A1;CAMK4,46
Cellular senescence,0.2506371386356937,38/57,CALML4;RAD1;SLC25A31;SQSTM1;TSC1;CCNE2;EIF4EBP1;GADD45G;ITPR3;MAP2K2;LIN37;E2F3;CCNB2;RRAS2;AKT3;HIPK1;PPP3CC;CALML6;NFATC4;ZFP36L2;MYBL2;CCNA2;RAF1;HUS1;CCNE1;CAPN1;MAPK11;GADD45A;ATR;CHEK1;E2F1;GATA4;MAP2K6;MAP2K1;RASSF5;CCNB3;CAPN2;LIN54,0.4622572529172555,21/57,MAPK12;CALML4;RAD1;TSC1;EIF4EBP1;TGFB1;ITPR3;E2F3;AKT3;CALML6;ZFP36L2;MYBL2;CCNA2;SIRT1;CCNE1;GADD45A;ATR;CHEK1;MAP2K6;RASSF5;CCNB3,57
Fructose and mannose metabolism,0.2518163102918671,11/15,TPI1;FPGT;PFKFB4;PMM1;ALDOC;PFKM;GMDS;KHK;FBP2;PMM2;FBP1,0.12050995885651648,8/15,TPI1;PFKFB4;ALDOC;PFKM;MPI;KHK;GMDS;FBP1,15
Inositol phosphate metabolism,0.25406299954771133,22/32,PIK3C2A;PIP5KL1;PIK3CG;PIP5K1B;PIK3C3;PLCG2;PI4K2B;PIK3C2B;IPMK;IMPA2;INPPL1;MIOX;TPI1;MTMR3;MINPP1;SACM1L;PLCD4;INPP4A;FIG4;ITPKB;MTMR7;ALDH6A1,0.6160555115938082,11/32,PI4K2B;TPI1;PIK3C2B;INPP4A;MTMR3;IPPK;PIP5KL1;ITPKB;INPPL1;PIK3CG;PLCG2,32
Leishmaniasis,0.26292649887933894,20/29,HLA-DRB1;IFNGR1;ITGA4;EEF1A2;NCF4;ITGAM;HLA-DOB;IL12A;NFKBIA;JAK2;FOS;HLA-DMB;MAPK11;HLA-DRB4;CYBA;MARCKSL1;IFNGR2;HLA-DRB3;TLR2;FCGR2A,0.6122246449201731,10/29,TGFB1;MAPK12;NFKBIB;MARCKSL1;IFNGR2;ITGA4;JAK2;FOS;HLA-DMB;IL12B,29
ErbB signaling pathway,0.27234117614984865,18/26,MAP2K4;BRAF;NRG2;BAD;NCK1;PRKCG;ARAF;SHC3;MAP2K2;PAK6;MAP2K1;RAF1;CAMK2D;NRG4;RPS6KB2;EIF4EBP1;PLCG2;AKT3,0.8690233290032489,7/26,EGF;NRG3;SHC3;AREG;EIF4EBP1;PLCG2;AKT3,26
Regulation of actin cytoskeleton,0.2748535151058575,51/78,NCKAP1;LIMK1;INS;PPP1R12C;ITGA4;TMSB4Y;GNG12;MYL2;ITGA7;ITGAE;RDX;PIP5K1B;ARPC5L;IQGAP1;ITGAM;MAP2K2;ARPC3;FGF17;MYLK2;FGF22;SLC9A1;ITGA11;ITGA8;SCIN;RRAS2;BDKRB2;ITGB5;DIAPH2;ARPC2;MYLPF;BRAF;IQGAP2;ARAF;RAF1;ITGB6;FGF6;PFN3;ITGB7;NCKAP1L;ARPC1B;INSRR;PAK6;FGF10;DOCK1;ARPC5;FGFR2;ITGA6;IQGAP3;MAP2K1;FGF3;MYL7,0.9302165600081337,22/78,EGF;NCKAP1;INS;ITGA4;ITGA7;ITGA10;ARPC5L;IQGAP1;ARPC3;FGF17;MYLK2;BDKRB2;FGF8;ITGB6;PFN3;INSRR;PFN4;FGF10;ARPC5;FGFR2;IQGAP3;MYL7,78
Progesterone-mediated oocyte maturation,0.2774765885333844,25/37,ANAPC10;CPEB1;ANAPC2;INS;BUB1;ADCY4;CDC23;PDE3B;CCNB2;AKT3;BRAF;ARAF;CCNA2;GNAI1;RAF1;CDC26;CDC16;MAPK11;RPS6KA2;RPS6KA6;ANAPC11;GNAI3;KIF22;MAP2K1;CCNB3,0.06763464356686189,18/37,ANAPC10;CPEB1;MAPK12;ADCY4;CDC23;PDE3B;INS;ANAPC13;ANAPC11;CCNA2;PGR;GNAI1;GNAI3;KIF22;GNAI2;CCNB3;ANAPC4;AKT3,37
Amino sugar and nucleotide sugar metabolism,0.28783158422024424,23/34,GNPDA2;CMAS;GNPDA1;NAGK;UGP2;GMDS;CYB5R2;PGM1;GCK;GALK1;FPGT;PMM1;UXS1;NANP;GPI;CYB5R4;NANS;CYB5R3;PMM2;UAP1;PGM2;NPL;CYB5R1,0.8195693814997078,10/34,CMAS;GALK1;NANP;NAGK;PGM2;CYB5R4;NANS;MPI;GMDS;CYB5R2,34
Insulin secretion,0.29775897014434477,28/42,CREB3L1;ADCYAP1;INS;ATP1B2;GIP;CREB3;ADCY4;ATP1B3;ITPR3;KCNMB4;TRPM4;RYR2;GCK;GPR119;ATP1A3;ADCYAP1R1;KCNN3;CACNA1F;KCNJ11;CREB3L4;RAB3A;PRKCG;CCKAR;PDX1;CAMK2D;KCNMB3;ATP1A2;ATP1A1,0.19813756822486892,18/42,ADCY4;ATP1B3;FFAR1;ITPR3;ADCYAP1;INS;ATP1B2;GPR119;ATP1A3;KCNN3;CCKAR;ATP1A1;KCNN4;GCG;CREB3;TRPM4;ATP1B4;RYR2,42
Ferroptosis,0.30470224267530366,12/17,SAT2;GSS;CP;ACSL6;GPX4;LPCAT3;MAP1LC3C;TFRC;ACSL5;GCLM;ACSL4;SLC39A8,0.9040188791768646,4/17,CP;ATG7;LPCAT3;SAT2,17
NF-kappa B signaling pathway,0.3090520745499867,26/39,BTK;BIRC2;CCL19;TICAM2;TRAF2;ICAM1;BLNK;PLCG2;GADD45G;EDA2R;CD40LG;PIAS4;RELB;TNFRSF1A;PARP1;NFKBIA;RIPK1;TNFSF13B;PLAU;CCL4;CARD11;GADD45A;MAP3K14;SYK;TNFSF14;EDARADD,0.4046782992670015,15/39,PARP1;BIRC2;CCL19;EDA2R;GADD45A;RIPK1;CD40LG;TNFSF13B;SYK;TRAF2;TNFSF14;ICAM1;PLCG2;TNFRSF13C;CCL4,39
Glioma,0.3109461249970621,19/28,CALML4;CAMK1D;PLCG2;GADD45G;SHC3;MAP2K2;E2F3;AKT3;BRAF;ARAF;CALML6;RAF1;PRKCG;GADD45A;E2F1;CAMK2D;MAP2K1;DDB2;CAMK4,0.26319939365910455,12/28,EGF;CALML4;CAMK1D;SHC3;E2F3;CALML6;GADD45A;CAMK1;CAMK4;BAK1;PLCG2;AKT3,28
mTOR signaling pathway,0.31236156636985046,43/66,WNT5B;IRS1;INS;ATP6V1B2;ATP6V1E1;ULK2;TSC1;RPS6KB2;TELO2;FZD10;FZD8;EIF4EBP1;CAB39;WDR24;FZD3;WNT5A;RNF152;MAP2K2;FNIP1;DEPDC5;TNFRSF1A;RRAGD;AKT3;BRAF;TBC1D7;RRAGA;RAF1;LRP5;FZD9;EIF4E2;LPIN1;ATP6V1G3;ATP6V1D;ATP6V1B1;RPS6KA2;PRKCG;ATP6V1G2;RPS6KA6;FZD2;LPIN3;SGK1;MAP2K1;PRKAA1,0.8985441764033755,19/66,INS;ATP6V1B2;TSC1;TELO2;FZD8;EIF4EBP1;WDR24;DEPDC5;AKT3;WNT8B;WNT8A;WNT10B;TBC1D7;FZD9;EIF4E2;WNT9B;LPIN3;SGK1;PRKAA1,66
Cell adhesion molecules,0.32293874198881317,41/63,HLA-DRB1;CD276;CLDN23;ITGA4;MPZ;ICAM3;ICAM1;VTCN1;CD226;NLGN2;ITGAM;CDH2;VCAN;CD40LG;HLA-DOB;SDC2;ITGA8;SELPLG;NCAM2;CD58;CLDN2;NTNG2;LRRC4C;PDCD1LG2;CNTNAP1;CDH15;CLDN15;SELE;HLA-DMB;ITGB7;ICOS;NEGR1;HLA-DRB4;CD2;CLDN10;CLDN7;CD8A;LRRC4B;ITGA6;HLA-DRB3;LRRC4,0.6822789614558245,21/63,ITGA4;ICAM1;CD274;VTCN1;NLGN2;VCAN;CD40LG;SELL;NCAM2;CD4;CNTNAP1;CDH15;CLDN15;SELE;HLA-DMB;NEGR1;ICOS;CD2;CD8A;CLDN6;LRRC4,63
Non-alcoholic fatty liver disease,0.324903623328433,46/71,NDUFB5;IRS1;INS;NDUFS8;NDUFB8;TRAF2;COX5B;NDUFA7;CYC1;UQCRQ;PRKAB1;UQCRC2;NDUFS6;NDUFA13;LEPR;DDIT3;NDUFB3;COX8A;MLXIPL;COX7C;TNFRSF1A;NDUFB11;MAP3K5;AKT3;NDUFA4L2;NDUFS3;COX6B1;UQCRC1;NDUFA8;COX7B;FOS;LEP;NDUFC1;MAPK11;COX6C;NDUFA3;NDUFB1;COX7A2;NDUFB10;NDUFAB1;PRKAG1;COX7A1;COX7B2;SDHB;PRKAA1;NDUFA11,0.2783226142854004,28/71,MAPK12;NDUFS8;INS;NDUFB8;TRAF2;COX5B;NDUFA7;CYC1;TGFB1;PRKAB1;COX4I2;NDUFA13;NDUFV2;NDUFB2;COX8A;MLXIPL;MAP3K5;AKT3;NDUFS3;NDUFA8;FOS;LEP;NDUFC1;NDUFB10;NDUFAB1;PRKAG1;COX7A1;PRKAA1,71
Tyrosine metabolism,0.3542955558684298,13/19,PNMT;AOC3;IL4I1;ADH1C;TYRP1;TPO;ALDH3A1;FAHD1;GSTZ1;FAH;HGD;ADH7;DBH,0.984676173589713,3/19,PNMT;HPD;MAOA,19
Fluid shear stress and atherosclerosis,0.3714963561716815,33/51,MAP2K4;CALML4;THBD;GSTA2;GSTA3;SQSTM1;NPPC;ASS1;ICAM1;GSTA4;CCL2;MMP9;EDN1;SDC2;PIAS4;GSTM2;TNFRSF1A;MAP3K5;AKT3;CALML6;FOS;TXN2;SELE;GSTO2;MAPK11;CYBA;BMPR1B;GPC1;NFE2L2;MAP2K6;ARHGEF2;GSTA5;PRKAA1,0.4454242078519598,19/51,MAPK12;CALML4;THBD;GSTA2;GSTA3;NPPC;ICAM1;MMP9;GSTM2;MAP3K5;AKT3;NOX1;CALML6;FOS;SELE;BMPR1B;MAP2K6;ARHGEF2;PRKAA1,51
Notch signaling pathway,0.3811972664933105,16/24,HDAC1;NOTCH3;NOTCH2;HEY1;CTBP2;HEYL;PTCRA;NOTCH1;APH1B;LFNG;JAG2;NCSTN;JAG1;PSENEN;SNW1;TLE1,0.19589440716877873,11/24,HDAC1;NOTCH2;CTBP2;MAML3;DLL4;APH1B;LFNG;JAG2;PSENEN;SNW1;TLE1,24
Oxytocin signaling pathway,0.3833960161508252,41/64,CALML4;CAMK1D;EEF2;PPP1R12C;CACNA2D4;KCNJ3;PIK3CG;CACNG1;CACNG5;PRKAB1;ADCY4;ITPR3;CACNB4;MAP2K2;MYLK2;PLA2G4A;RYR2;CACNG8;RGS2;PPP3CC;CALML6;NFATC4;PRKAG1;GNAI1;CACNA1F;RAF1;FOS;NPPA;KCNJ6;CACNG4;PRKCG;CACNG6;CACNG2;KCNJ14;GNAI3;CAMK2D;RYR3;MAP2K1;CACNG3;PRKAA1;CAMK4,0.15873524310375192,27/64,CALML4;CAMK1D;EEF2;CACNA2D4;PIK3CG;CACNG1;ADCY4;PRKAB1;ITPR3;MYLK2;PLA2G4A;RYR2;GUCY1A2;CACNG7;CALML6;KCNJ9;GNAI1;FOS;NPPA;CACNG4;GNAI3;GNAI2;PRKAG1;CACNG3;CAMK1;PRKAA1;CAMK4,64
Vibrio cholerae infection,0.4004658246447619,14/21,ATP6V0E2;TJP2;ATP6V1G2;ATP6V1B2;ATP6V1E1;ATP6V0D1;PDIA4;ATP6V1G3;TCIRG1;ATP6V1B1;ATP6V0A2;ATP6V1D;PLCG2;SEC61A1,0.9699733806790846,4/21,ATP6V1B2;PLCG2;ATP6V0E1;SEC61A1,21
Ovarian steroidogenesis,0.4004658246447619,14/21,ADCY4;CYP1A1;BMP15;INS;ALOX5;FSHB;AKR1C3;HSD3B2;CYP1B1;CYP17A1;CYP2J2;ACOT4;PLA2G4A;CYP11A1,0.3093205661981114,9/21,ADCY4;CYP1A1;INS;AKR1C3;HSD3B2;CYP17A1;CYP2J2;HSD17B2;PLA2G4A,21
Thyroid hormone signaling pathway,0.41361865027905015,32/50,ATP1B2;MED12;ATP2A1;HDAC1;PLCG2;SIN3A;ATP1B3;NCOA2;SLC16A10;MAP2K2;SLC9A1;SLCO1C1;BAD;AKT3;ATP1A3;NOTCH1;MAP2K1;RAF1;MED4;RXRB;NOTCH2;PLCD4;PRKCG;NOTCH3;PFKM;TBC1D4;MED12L;GATA4;SLC16A2;ATP1A2;DIO1;ATP1A1,0.9707083847038191,12/50,ATP1B3;NOTCH2;HDAC3;ATP1B2;ATP1A3;PFKM;ATP1B4;HDAC1;DIO1;PLCG2;ATP1A1;AKT3,50
C-type lectin receptor signaling pathway,0.41658383033179547,27/42,CALML4;NLRP3;BCL3;PLCG2;CCL22;IL17D;ITPR3;PYCARD;RELB;RRAS2;EGR2;AKT3;IL12A;NFKBIA;IRF9;PPP3CC;CALML6;NFATC4;IKBKE;RAF1;CCL17;STAT2;IRF1;MAPK11;CLEC4E;MAP3K14;SYK,0.7779183363345402,13/42,MAPK12;ITPR3;CALML4;NLRP3;CALML6;IL23A;AKT3;IRF1;SYK;CLEC4D;PLCG2;IL12B;CCL22,42
VEGF signaling pathway,0.4224301077508194,12/18,PRKCG;MAP2K2;PPP3CC;SPHK2;AKT3;RAF1;SH2D2A;MAP2K1;BAD;PLA2G4A;PLCG2;MAPK11,0.927424278603179,4/18,PLA2G4A;MAPK12;PLCG2;AKT3,18
Legionellosis,0.4224301077508194,12/18,IL12A;HSPA6;NLRC4;IL18;ITGAM;NFKBIA;PYCARD;TLR5;TLR2;HSPA1L;HSF1;EEF1A2,0.927424278603179,4/18,HSPA6;NLRC4;IL18;IL12B,18
Mucin type O-glycan biosynthesis,0.4224301077508194,12/18,GALNT9;GALNT7;C1GALT1;ST6GALNAC2;ST6GALNAC1;ST6GALNAC4;GALNT8;GALNT12;GALNTL5;GALNT14;ST6GALNAC3;GALNT2,0.28534384934600315,8/18,GALNT9;C1GALT1;ST6GALNAC2;ST6GALNAC1;GALNT1;GCNT3;ST6GALNAC3;GALNT2,18
Collecting duct acid secretion,0.4224301077508194,12/18,ATP6V0E2;CA2;ATP6V1G2;ATP6V1B2;ATP6V1E1;ATP6V0D1;CLCNKB;ATP6V1G3;TCIRG1;ATP6V1B1;ATP6V0A2;ATP6V1D,0.927424278603179,4/18,CA2;ATP6V1B2;ATP6V0E1;CLCNKB,18
beta-Alanine metabolism,0.4480691662850669,10/15,ALDH7A1;SMOX;ACOX3;UPB1;ALDH3A1;ACADS;AOC3;EHHADH;ALDH9A1;ALDH6A1,0.6617217408490095,5/15,ALDH7A1;SMOX;ACOX3;UPB1;EHHADH,15
Cysteine and methionine metabolism,0.4480691662850669,10/15,CDO1;IL4I1;GSS;SRM;MDH2;GCLM;ENOPH1;APIP;LDHAL6A;SDSL,0.8365411717136093,4/15,SRM;APIP;CTH;MAT1A,15
Peroxisome,0.46744240535519516,34/54,PIPOX;DHRS4;PEX11G;HAO1;PEX1;EHHADH;SLC27A2;PEX16;PAOX;PEX14;GSTK1;SCP2;HMGCLL1;PXMP2;PHYH;ABCD1;CRAT;ACOX3;EPHX2;CROT;ACOX2;ACSL5;ACSL4;PECR;PEX11A;PXMP4;PEX3;ACSL6;PEX13;XDH;HMGCL;HAO2;DECR2;HACL1,0.6762381743377325,18/54,CRAT;MVK;DHRS4;SLC27A2;ACOX3;PEX11A;MPV17;PEX3;ACOT8;PMVK;PEX16;XDH;DECR2;GSTK1;EHHADH;SCP2;HMGCLL1;PXMP2,54
Fatty acid degradation,0.4678895268096429,13/20,ALDH7A1;ACOX3;ADH1C;ACSL6;CPT2;ACSBG1;CPT1C;ACSL5;ACADS;ACSL4;ADH7;EHHADH;ALDH9A1,0.8900035089033506,5/20,ALDH7A1;ACOX3;ACSBG2;CPT1C;EHHADH,20
Choline metabolism in cancer,0.47279914964369396,21/33,DGKH;DGKB;TSC1;SLC5A7;RPS6KB2;PIP5K1B;EIF4EBP1;DGKI;MAP2K2;SLC22A2;PLA2G4A;SLC22A4;WAS;AKT3;PCYT1A;RAF1;FOS;DGKQ;PRKCG;PLD2;MAP2K1,0.5216852719583918,12/33,EGF;DGKI;DGKB;PLA2G4A;SLC22A2;TSC1;FOS;DGKQ;EIF4EBP1;WASF3;SLC22A4;AKT3,33
Apelin signaling pathway,0.4930772809240228,35/56,CALML4;LIPE;GNG12;MYL2;RPS6KB2;PIK3CG;PIK3C3;ADCY4;PRKAB1;ITPR3;PDE3B;MAP2K2;MYLK2;SLC9A1;RRAS2;JAG1;RYR2;AKT3;GABARAP;PIK3R4;GNG8;CALML6;PRKAG1;SPHK2;GNAI1;RAF1;GNG5;NOTCH3;GNG3;GNAI3;RYR3;MAP2K1;EGR1;PRKAA1;CAMK4,0.4229352935061716,21/56,CALML4;PIK3CG;MEF2B;ADCY4;PRKAB1;GNB2;ITPR3;PDE3B;MYLK2;RYR2;AKT3;GABARAP;CALML6;GNAI1;GNG13;GNAI3;UCP1;GNAI2;PRKAG1;PRKAA1;CAMK4,56
Prostate cancer,0.5052196756769574,22/35,CREB3L1;INS;CREB3;CCNE2;MAP2K2;MMP9;E2F3;BAD;ETV5;BRAF;TCF7L1;AKT3;NFKBIA;ARAF;RAF1;PLAU;CCNE1;CREB3L4;INSRR;FGFR2;E2F1;MAP2K1,0.9198074397896434,9/35,EGF;INSRR;INS;MMP9;E2F3;FGFR2;CREB3;CCNE1;AKT3,35
Hepatitis B,0.517813193093358,36/58,MAP2K4;CREB3L1;IFNA10;TICAM2;IRF3;CCNE2;CREB3;IFIH1;TLR3;STAT6;MAP2K2;MMP9;E2F3;BAD;EGR2;AKT3;BRAF;NFKBIA;ARAF;NFATC4;CCNA2;IKBKE;RAF1;JAK2;FOS;STAT2;CCNE1;MAPK11;CREB3L4;PRKCG;IFNA8;MAP2K6;E2F1;TLR2;MAP2K1;DDB2,0.9768757547185619,14/58,TGFB1;MAPK12;IFNA5;MMP9;E2F3;IRF3;CCNA2;JAK2;FOS;CREB3;MAP2K6;IFNA21;CCNE1;AKT3,58
Epithelial cell signaling in Helicobacter pylori infection,0.5194755588844655,17/27,MAP2K4;ATP6V0E2;ATP6V1G2;NFKBIA;ATP6V1B2;ATP6V1E1;ATP6V0D1;MAP3K14;CCL5;IGSF5;ATP6V1G3;TCIRG1;ATP6V1B1;ATP6V0A2;ATP6V1D;PLCG2;MAPK11,0.9542858482780008,6/27,MAPK12;ATP6V1B2;CCL5;IGSF5;ATP6V0E1;PLCG2,27
Rheumatoid arthritis,0.5219958953134678,28/45,HLA-DRB1;CCL20;ATP6V1B2;ATP6V1E1;ATP6V0D1;ICAM1;TCIRG1;PTH;ATP6V0E2;IL18;MMP1;CCL2;HLA-DOB;TEK;CTSK;IL17A;TNFSF13B;FOS;ATP6V1G3;ATP6V1D;ATP6V1B1;ATP6V0A2;HLA-DMB;HLA-DRB4;ATP6V1G2;CCL5;HLA-DRB3;TLR2,0.9591930003032307,11/45,TGFB1;IL18;ATP6V1B2;IL23A;TNFSF13B;CCL5;FOS;ATP6V0E1;TEK;ICAM1;HLA-DMB,45
Viral protein interaction with cytokine and cytokine receptor,0.5356235576921555,34/55,CCL20;CXCR3;TNFRSF10C;CCL19;CXCL14;IL2RB;CCR7;CCL7;CCL1;IL20RB;TNFRSF1B;TNFRSF14;CCR4;CCL22;IL18;CCL16;CCL2;TNFRSF1A;PF4V1;IL10RB;IL20;CCL15;CCR9;PPBP;CCL17;CCL4;IL2RG;PF4;CX3CR1;CCL5;TNFSF14;CSF1R;CCR10;IL18RAP,0.49424607555594874,20/55,TNFRSF10C;CCL19;CXCL14;IL2RB;CCL1;TNFRSF1B;TNFRSF14;CCL22;IL18;CCL25;PF4V1;IL10RB;IL20;PPBP;XCL2;CCL4;PF4;CCL24;CCL5;TNFSF14,55
Viral carcinogenesis,0.5356235576921555,34/55,CREB3L1;IRF3;ATP6V0D1;TRAF2;CCNE2;CREB3;HDAC1;GTF2A2;GTF2B;YWHAH;CCR4;GTF2H1;SCIN;DLG1;MRPS18B;BAD;EGR2;GTF2H4;REL;GTF2E2;NFKBIA;IRF9;DNAJA3;CCNA2;HDAC11;CCNE1;CREB3L4;UBR4;GTF2E1;CDC20;SYK;CHD4;CHEK1;SNW1,0.38378161637502034,21/55,HDAC3;IRF3;TRAF2;CREB3;POLB;HDAC1;YWHAH;BAK1;GTF2H4;TBP;GTF2E2;DNAJA3;CCNA2;HDAC11;CCNE1;UBR4;CDC20;SYK;EIF2AK2;CHEK1;SNW1,55
Intestinal immune network for IgA production,0.5467362801024676,15/24,HLA-DRB1;TNFRSF13B;HLA-DRB4;ITGB7;CD40LG;HLA-DOB;ITGA4;TNFSF13B;MAP3K14;CCR9;HLA-DRB3;CCR10;AICDA;HLA-DMB;ICOS,0.6598082501146421,8/24,TGFB1;CCL25;CD40LG;TNFSF13B;ITGA4;TNFRSF13C;HLA-DMB;ICOS,24
ABC transporters,0.5532818690596517,18/29,ABCD1;ABCB7;TAP2;ABCA4;ABCA10;ABCA7;ABCC12;TAP1;ABCB1;ABCG4;ABCC11;ABCA3;ABCB11;ABCC3;ABCA6;ABCA8;ABCC10;ABCA2,0.3128520851722656,12/29,DEFB1;TAP2;ABCA13;ABCA10;ABCA7;ABCG4;ABCC11;ABCB11;ABCC9;ABCA6;ABCA8;ABCA2,29
Th17 cell differentiation,0.5645033181221784,24/39,HLA-DRB1;IFNGR1;IL2RB;NFKBIE;IL17D;STAT6;IL22;HLA-DOB;NFKBIA;IL17A;PPP3CC;JAK2;FOS;RXRB;HLA-DMB;MAPK11;IL2RG;HLA-DRB4;AHR;IFNGR2;IL21R;HLA-DRB3;IL23R;CD3G,0.8687338548917732,11/39,NFKBIE;TGFB1;MAPK12;NFKBIB;IL2RB;IL23A;IFNGR2;CD4;JAK2;FOS;HLA-DMB,39
Focal adhesion,0.5735305083666449,44/72,PARVB;BIRC2;PPP1R12C;LAMC3;COL6A2;ITGA4;MYL2;COL9A2;ITGA7;COL2A1;MYL7;COL4A2;PIP5K1B;SHC3;FLNB;MYLK2;ITGA11;ITGA8;ITGB5;BAD;PARVG;MYLPF;AKT3;BRAF;FLNC;LAMB4;COL6A3;RAF1;LAMA3;COL4A4;LAMA2;ITGB6;LAMB2;ITGB7;PAK6;PRKCG;COL9A3;DOCK1;ITGA6;TNR;MAP2K1;COL4A5;LAMB1;CAPN2,0.8943485424288555,21/72,EGF;PARVB;BIRC2;ITGA4;COL9A2;ITGA7;CHAD;ITGA10;SHC3;FLNB;MYLK2;THBS3;PARVG;AKT3;LAMB4;COL4A4;ITGB6;LAMB2;TNR;LAMB1;MYL7,72
Starch and sucrose metabolism,0.577453042827575,13/21,GBE1;GYS1;PGM2;GPI;UGP2;AGL;SI;ENPP3;ENPP1;AMY1C;PYGM;PGM1;GCK,0.3093205661981114,9/21,MGAM;GANC;GYS2;PGM2;AGL;ENPP3;ENPP1;AMY1C;G6PC3,21
Ether lipid metabolism,0.577453042827575,13/21,PLD2;GAL3ST1;PAFAH2;PAFAH1B3;GDPD3;PLA2G1B;PLA2G2A;GDPD1;PLA2G12A;PLA2G10;PLA2G7;PLA2G4A;UGT8,0.6595090535669866,7/21,PLA2G4A;PLA2G6;PAFAH1B3;PLA2G2A;PLA2G7;CEPT1;UGT8,21
Chemical carcinogenesis,0.5787186491785465,61/100,EPHX1;CREB3L1;CHRNA4;SULT1A1;CYP3A4;GSTA2;GSTA3;KPNA5;CREB3;CYP2A6;UGT2A3;KPNA2;RPS6KB2;SULT1A4;EIF4EBP1;CYP3A7;ADCY4;CHRNB4;GSTA4;CBR1;CYP1A1;MAP2K2;FGF17;FGF22;GSTM2;GSTK1;BAD;JAG1;CHRNA3;UGT1A8;AKT3;CHRNA9;CYP3A5;GNAI1;IKBKE;CACNA1F;JAK2;RAF1;EPHX2;FOS;ADRB1;FGF6;RXRB;GSTO2;KLF4;CREB3L4;NOTCH2;PRKCG;RPS6KA2;FGF10;AHR;RPS6KA6;CYP1B1;CDC6;GNAI3;ADRB3;E2F1;MAP2K1;FGF3;ADRB2;GSTA5,0.8955780405295674,30/100,EGF;EPHX1;CYP2A7;GSTA2;PGR;GSTA3;CREB3;SULT1A4;EIF4EBP1;UGT2B7;ADCY4;CYP2C9;CBR1;CYP1A1;FGF17;GSTM2;GSTK1;CHRNA3;AKT3;GNAI1;JAK2;FOS;FGF8;KLF4;NOTCH2;FGF10;DLL4;GNAI3;GNAI2;ADRB2,100
Chronic myeloid leukemia,0.5809487398747049,16/26,BRAF;NFKBIA;MAP2K2;SHC3;E2F3;ARAF;CTBP2;GADD45A;AKT3;MAP2K1;RAF1;E2F1;HDAC1;BAD;DDB2;GADD45G,0.7559176541056895,8/26,TGFB1;CTBP2;SHC3;E2F3;GADD45A;HDAC1;BAK1;AKT3,26
Glycosphingolipid biosynthesis,0.5845103291443143,19/31,ST6GALNAC4;FUT9;FUT5;SLC33A1;B3GALNT1;B3GNT5;GBGT1;B4GALT3;B3GNT2;B3GALT1;B4GALT4;ST6GALNAC3;ST8SIA1;B4GALT1;GCNT2;ST6GALNAC6;ST6GALNAC5;GLA;FUT3,0.4171592584571393,12/31,B4GALT1;B4GALT3;SLC33A1;GCNT2;ST6GALNAC6;B3GALNT1;ST6GALNAC5;FUT7;NAGA;B3GNT5;GLA;ST6GALNAC3,31
Glycerolipid metabolism,0.5845103291443143,19/31,DGKH;DGKB;AGPAT1;ALDH9A1;LIPF;DGKI;ALDH7A1;MGLL;MOGAT1;PNPLA3;MBOAT1;LPIN1;GK;DGKQ;DGAT1;LPIN3;MOGAT2;LPL;GLA,0.28113254074401134,13/31,DGKI;ALDH7A1;MBOAT1;DGAT1;DGKB;MGLL;LPIN3;PNLIPRP1;GLYCTK;GK;DGKQ;PNLIP;GLA,31
Longevity regulating pathway,0.5880428676700606,22/36,CREB3L1;CRYAB;IRS1;INS;TSC1;CREB3;HDAC1;RPS6KB2;EIF4EBP1;SESN3;ADCY4;PRKAB1;HSPA1L;AKT3;CLPB;RB1CC1;EIF4E2;CREB3L4;HSPA6;PRKAG1;PRKAA1;CAMK4,0.16918912777686895,16/36,ADCY4;PRKAB1;HSPA6;CRYAB;INS;PRKAG1;SIRT1;RB1CC1;TSC1;CREB3;EIF4E2;HDAC1;EIF4EBP1;CAMK4;PRKAA1;AKT3,36
Pancreatic cancer,0.6117027160012962,14/23,BRAF;PLD2;ARAF;E2F3;GADD45A;AKT3;MAP2K1;BRCA2;RAF1;E2F1;RPS6KB2;BAD;DDB2;GADD45G,0.8785289621934916,6/23,EGF;TGFB1;E2F3;GADD45A;BAK1;AKT3,23
Melanoma,0.6121702803325573,17/28,BRAF;ARAF;MAP2K2;FGF10;E2F3;FGF17;GADD45A;FGF22;AKT3;MAP2K1;RAF1;E2F1;FGF6;FGF3;BAD;DDB2;GADD45G,0.8309930118015887,8/28,EGF;FGF10;E2F3;FGF17;GADD45A;FGF8;BAK1;AKT3,28
Amphetamine addiction,0.6121702803325573,17/28,GRIN3A;CREB3L1;PRKCG;CALML4;CREB3L4;PPP3CC;CALML6;ARC;GRIA1;FOS;CREB3;CAMK2D;SLC6A3;HDAC1;SLC18A1;SLC18A2;CAMK4,0.40330776591046563,11/28,CALML4;ARC;CALML6;MAOA;FOS;CREB3;SLC6A3;HDAC1;SIRT1;SLC18A2;CAMK4,28
Th1 and Th2 cell differentiation,0.6149847267189181,23/38,HLA-DRB1;IFNGR1;IL2RB;STAT6;NFKBIE;HLA-DOB;JAG1;IL12A;NFKBIA;PPP3CC;NOTCH1;JAK2;FOS;HLA-DMB;MAPK11;IL2RG;HLA-DRB4;NOTCH2;NOTCH3;IFNGR2;HLA-DRB3;JAG2;CD3G,0.35812860677036523,15/38,NFKBIE;MAPK12;NOTCH2;NFKBIB;IL2RB;MAML3;DLL4;IFNGR2;CD4;JAK2;FOS;JAG2;IL13;HLA-DMB;IL12B,38
Phosphatidylinositol signaling system,0.6149847267189181,23/38,DGKH;CALML4;DGKB;PIK3C2A;PIP5K1B;PIK3C3;PLCG2;PI4K2B;DGKI;PIK3C2B;ITPR3;IPMK;IMPA2;INPPL1;MTMR3;CALML6;DGKQ;SACM1L;INPP4A;PLCD4;PRKCG;ITPKB;MTMR7,0.48946044813695494,14/38,PI4K2B;DGKI;PIK3C2B;ITPR3;INPP4A;CALML4;DGKB;MTMR3;CALML6;IPPK;DGKQ;ITPKB;INPPL1;PLCG2,38
Insulin signaling pathway,0.6210193162497097,32/53,IRS1;LIPE;CALML4;INS;TSC1;RPS6KB2;PHKA2;EIF4EBP1;FASN;PRKAB1;PDE3B;SHC3;MAP2K2;PHKG1;INPPL1;BAD;PYGM;GCK;FBP1;AKT3;BRAF;ARAF;GYS1;CALML6;PRKAG1;PPP1R3C;RAF1;EIF4E2;PRKAR2B;FBP2;MAP2K1;PRKAA1,0.142918158972794,23/53,CALML4;INS;TSC1;EIF4EBP1;PRKAB1;PPP1R3A;PDE3B;SHC3;GYS2;INPPL1;FBP1;AKT3;CALML6;PPP1R3C;TRIP10;EIF4E2;PRKAR2B;SH2B2;PRKAG1;SORBS1;G6PC3;PPP1R3B;PRKAA1,53
Osteoclast differentiation,0.6210193162497097,32/53,IFNGR1;BTK;LILRB1;SQSTM1;TRAF2;TYROBP;BLNK;PLCG2;NCF4;FHL2;LCP2;RELB;TNFRSF1A;CTSK;AKT3;NFKBIA;IRF9;PPP3CC;FOS;STAT2;MAPK11;CYBA;SIRPG;FCGR2A;MAP3K14;IFNGR2;SYK;CSF1R;MAP2K6;MAP2K1;LILRA5;CAMK4,0.9389450884296676,14/53,TGFB1;MAPK12;NOX1;SIRPG;LILRA4;IFNGR2;SYK;TRAF2;FOS;MAP2K6;CAMK4;FCGR2B;PLCG2;AKT3,53
Proteoglycans in cancer,0.6276516915460151,41/68,WNT5B;PPP1R12C;RDX;RPS6KB2;FZD10;HOXD10;FZD8;SMO;PLCG2;FZD3;IQGAP1;WNT5A;ITPR3;NANOG;MAP2K2;MMP9;FLNB;SLC9A1;SDC2;TIMP3;RRAS2;ITGB5;AKT3;BRAF;FLNC;ARAF;RAF1;FZD9;HPSE;PLAU;HSPB2;MAPK11;TWIST2;PRKCG;FZD2;GPC1;CAMK2D;TLR2;MAP2K1;HCLS1;TFAP4,0.9562351116090738,18/68,WNT8A;TGFB1;MAPK12;IQGAP1;ITPR3;WNT10B;MMP9;WNT9B;FLNB;AKT3;FZD9;HOXD10;FZD8;SMO;HCLS1;PLCG2;IL12B;WNT8B,68
Retrograde endocannabinoid signaling,0.6298834377584037,44/73,NDUFB5;NDUFS8;RIMS1;GABRR1;KCNJ3;NDUFB8;ABHD6;DAGLA;GABRA3;GNG12;NDUFA7;GABRP;ADCY4;ITPR3;SLC17A7;MGLL;NDUFS6;NDUFA13;FAAH;NDUFB3;GABRA6;NDUFB11;DAGLB;NDUFA4L2;NDUFS3;GNG8;GRIA1;GNAI1;CACNA1F;GABRG3;NDUFA8;GNG5;NDUFC1;KCNJ6;MAPK11;NDUFA3;NDUFB1;PRKCG;GABRA5;GNG3;NDUFB10;GNAI3;NDUFAB1;NDUFA11,0.7176232814499581,24/73,MAPK12;NDUFS8;GABRR1;NDUFB8;GABRA3;NDUFA7;ADCY4;GNB2;ITPR3;MGLL;NDUFA13;NDUFV2;FAAH;NDUFB2;NDUFS3;KCNJ9;GNAI1;NDUFA8;NDUFC1;GNG13;NDUFB10;GNAI3;NDUFAB1;GNAI2,73
Phospholipase D signaling pathway,0.6406459385035759,27/45,DGKH;DGKB;INS;DNM3;TSC1;AGPAT1;PIP5K1B;PIK3CG;FCER1A;PLCG2;ADCY4;DGKI;SHC3;MAP2K2;RRAS2;PLA2G4A;AKT3;GRM4;SPHK2;RAF1;DGKQ;GRM6;AVP;AGT;PLD2;SYK;MAP2K1,0.5501843686727845,16/45,EGF;ADCY4;DGKI;AGT;DGKB;INS;SHC3;GRM4;DGKQ;DNM3;SYK;TSC1;PIK3CG;PLA2G4A;PLCG2;AKT3,45
"Growth hormone synthesis, secretion and action",0.6406459385035759,27/45,MAP2K4;CREB3L1;IGFALS;IRS1;CREB3;GHRHR;PLCG2;ADCY4;ITPR3;SHC3;MAP2K2;GHRL;AKT3;GHSR;GNAI1;CACNA1F;RAF1;JAK2;GHRH;FOS;MAPK11;CREB3L4;CSH2;PRKCG;GNAI3;MAP2K6;MAP2K1,0.670319378790256,15/45,ADCY4;MAPK12;ITPR3;SHC3;GNAI1;GHRL;JAK2;CREB3;FOS;GNAI3;MAP2K6;GNAI2;GHRHR;PLCG2;AKT3,45
Yersinia infection,0.6415298852945962,30/50,MAP2K4;LIMK1;NLRP3;IRF3;ITGA4;TRAF2;PIP5K1B;NLRC4;ARPC5L;IL18;MAP2K2;PYCARD;CCL2;ARPC3;LCP2;ARPC2;WAS;AKT3;NFKBIA;FOS;MAPK11;ARPC1B;RPS6KA2;RPS6KA6;DOCK1;CD8A;ARPC5;MAP2K6;MAP2K1;FCGR2A,0.8301023418027764,15/50,MAPK12;IL18;NLRP3;ARPC3;IRF3;CD8A;ITGA4;CD4;ARPC5;TRAF2;FOS;MAP2K6;NLRC4;ARPC5L;AKT3,50
Acute myeloid leukemia,0.642524001869578,15/25,BRAF;TCF7L1;BAD;RUNX1T1;ITGAM;MAP2K2;ARAF;CCNA2;MAP2K1;RAF1;CSF1R;RPS6KB2;EIF4EBP1;PML;AKT3,0.9712146173176528,5/25,RUNX1T1;CCNA2;EIF4EBP1;PML;AKT3,25
Long-term potentiation,0.642524001869578,15/25,BRAF;RPS6KA2;PRKCG;ITPR3;CALML4;MAP2K2;ARAF;PPP3CC;CALML6;GRIA1;RPS6KA6;RAF1;CAMK2D;MAP2K1;CAMK4,0.9914694749641546,4/25,CALML6;ITPR3;CALML4;CAMK4,25
Primary immunodeficiency,0.6462462015156802,12/20,IL7R;TNFRSF13B;BTK;IL2RG;TAP2;RAG2;TAP1;CD40LG;CD8A;AICDA;BLNK;ICOS,0.5999867179977203,7/20,RFXAP;TAP2;CD40LG;CD8A;CD4;TNFRSF13C;ICOS,20
Asthma,0.6535030616595017,9/15,HLA-DRB1;PRG2;HLA-DRB4;IL9;CD40LG;HLA-DOB;HLA-DRB3;FCER1A;HLA-DMB,0.9425577814680393,3/15,IL13;HLA-DMB;CD40LG,15
GnRH signaling pathway,0.6668481002623354,19/32,MAP2K4;GNRH1;CALML4;MMP14;ADCY4;ITPR3;MAP2K2;PLA2G4A;CALML6;GNRH2;CACNA1F;RAF1;MAPK11;PLD2;FSHB;MAP2K6;CAMK2D;MAP2K1;EGR1,0.7491083134747147,10/32,ADCY4;MAPK12;ITPR3;GNRH1;CALML4;CALML6;GNRH2;MAP2K6;MMP14;PLA2G4A,32
cAMP signaling pathway,0.6710672516005913,58/97,CREB3L1;ADCYAP1;LIPE;CALML4;ATP1B2;GIP;ATP2A1;HTR6;CREB3;HTR1B;GLI1;FXYD1;ADCY4;ATP1B3;GABBR2;PDE3B;MAP2K2;EDN1;MC2R;SLC9A1;RRAS2;BAD;HTR1A;GHRL;EDN2;RYR2;AKT3;BRAF;ACOX3;NFKBIA;PTGER2;GPR119;CALML6;GHSR;ATP1A3;ADCYAP1R1;GNAI1;GRIA1;CACNA1F;CNGB3;RAF1;GLI3;FOS;ADRB1;NPPA;AMH;CREB3L4;TNNI3;GRIN3A;PLD2;FSHB;GNAI3;CAMK2D;MAP2K1;ATP1A2;ADRB2;ATP1A1;CAMK4,0.4024604194702346,36/97,ADCYAP1;CALML4;ATP1B2;HTR6;CREB3;HTR1F;HTR1B;ATP1B4;ADCY4;ATP1B3;PDE3B;PDE4B;TSHB;PDE3A;GHRL;RYR2;AKT3;ACOX3;PTGER2;GPR119;CALML6;ATP1A3;GNAI1;GLI3;FOS;NPPA;AMH;TNNI3;FFAR2;GCG;GNAI3;HHIP;GNAI2;ADRB2;ATP1A1;CAMK4,97
Prolactin signaling pathway,0.6760680276231581,13/22,MAPK11;MAP2K2;SHC3;INS;CYP17A1;RAF1;FOS;JAK2;CSN2;MAP2K1;GCK;IRF1;AKT3,0.5442516708342076,8/22,MAPK12;SHC3;INS;CYP17A1;JAK2;FOS;IRF1;AKT3,22
Spinocerebellar ataxia,0.6824807833495964,35/59,SLC25A31;PSMD8;ATP2A1;ULK2;TRAF2;PSMA4;PIK3C3;PSMD4;GTF2B;PSMB3;CIC;ITPR3;MYOD1;PSMC3;PSMD11;PSMA5;PSMD14;ATXN2;PPIF;MAP3K5;AKT3;PIK3R4;KCNC3;GRIA1;RB1CC1;PSMB4;GRIN3A;PRKCG;PSMD2;PSMD7;PSMA2;PSMC5;PSMD6;SLC1A6;SPTBN2,0.6460178712876323,20/59,VLDLR;TRAF2;PSMA4;FGF14;CIC;ITPR3;PSMC2;PSMC3;MAP3K5;AKT3;TBP;KCNC3;RB1CC1;PSMB4;PSMD2;DAB1;PSMD7;PSMC5;WIPI1;SLC1A6,59
Axon guidance,0.68325343906175,47/79,WNT5B;SEMA4A;NCK1;LIMK1;RYK;SMO;PLCG2;SLIT1;EPHB6;FZD3;PLXNA3;FES;WNT5A;PARD3;SLIT2;SRGAP1;EFNB1;UNC5A;TRPC6;TRPC5;PPP3CC;EPHB3;NFATC4;NTNG2;EPHB4;GNAI1;LRRC4C;RAF1;EPHA2;SEMA6B;SEMA3C;NTN4;UNC5D;SLIT3;PAK6;SEMA3G;SEMA6C;BMPR1B;SEMA4D;GNAI3;RASA1;CAMK2D;SEMA4G;RHOD;LRRC4;EPHA1;ABLIM2,0.7203197932979084,26/79,EPHA7;RYK;SMO;PLCG2;SLIT1;PLXNA3;EFNA4;PARD3;SRGAP1;LRIG2;EFNB1;UNC5A;EPHB3;EPHB4;CDK5;GNAI1;NGEF;SEMA3C;BMPR1B;SEMA4D;RND1;GNAI3;LRRC4;GNAI2;UNC5D;ABLIM2,79
Salivary secretion,0.6838646068491812,29/49,LPO;TRPV6;CALML4;ATP1B2;PRB1;HTN1;ADRA1A;BST1;ADCY4;ATP1B3;ITPR3;PRB2;SLC9A1;MUC7;CAMP;AMY1C;CALML6;ATP1A3;ADRA1D;ADRB1;PRKCG;CST1;SLC4A2;RYR3;ADRB3;LYZ;ATP1A2;ADRB2;ATP1A1,0.478774049918702,18/49,BST1;ADCY4;ATP1B3;ITPR3;TRPV6;CALML4;ATP1B2;CALML6;ATP1A3;KCNN4;MUC7;CAMP;AMY1C;LYZ;ADRB2;ATP1B4;ATP1A1;GUCY1A2,49
Various types of N-glycan biosynthesis,0.6855334823201606,10/17,TUSC3;B4GALT3;B4GALT1;CHST9;RPN2;ALG12;MGAT2;MGAT4C;MGAT4A;ALG2,0.22439728000051998,8/17,TUSC3;B4GALT3;B4GALT1;CHST9;ALG12;MGAT2;DDOST;MGAT4A,17
Aldosterone-regulated sodium reabsorption,0.6855334823201606,10/17,ATP1B3;PRKCG;IRS1;INS;ATP1B2;ATP1A3;SGK1;HSD11B2;ATP1A2;ATP1A1,0.39636932252238827,7/17,ATP1B3;INS;ATP1B2;ATP1A3;SGK1;ATP1B4;ATP1A1,17
PD-L1 expression and PD-1 checkpoint pathway in cancer,0.6908196993173639,20/34,IFNGR1;TICAM2;RPS6KB2;NFKBIE;BATF2;MAP2K2;AKT3;TLR9;NFKBIA;PPP3CC;ALK;RAF1;JAK2;FOS;MAPK11;IFNGR2;MAP2K6;TLR2;MAP2K1;CD3G,0.5718763657185453,12/34,EGF;NFKBIE;MAPK12;NFKBIB;IFNGR2;CD4;ALK;JAK2;FOS;MAP2K6;CD274;AKT3,34
N-Glycan biosynthesis,0.7026557262596564,14/24,TUSC3;DPAGT1;B4GALT3;DPM1;RPN2;ALG12;MGAT2;B4GALT1;ST6GAL2;MGAT4C;MGAT4A;MGAT5;DOLK;ALG2,0.10220576665775775,12/24,TUSC3;B4GALT3;B4GALT1;DPM1;ALG12;MGAT2;ALG5;ST6GAL2;DDOST;MGAT3;DPM2;MGAT4A,24
Leukocyte transendothelial migration,0.7087014889866821,24/41,CLDN23;ITGA4;RHOH;MYL2;CTNND1;ICAM1;PLCG2;NCF4;ITGAM;MMP9;MYLPF;SIPA1;CLDN2;GNAI1;CLDN15;MAPK11;PRKCG;CYBA;CLDN10;CLDN7;GNAI3;THY1;RASSF5;MYL7,0.626872302606765,14/41,MAPK12;MMP9;ITGA4;GNAI1;CLDN6;GNAI3;THY1;CTNND1;GNAI2;ICAM1;RASSF5;CLDN15;MYL7;PLCG2,41
Porphyrin and chlorophyll metabolism,0.7134274129739884,11/19,ALAD;BLVRB;FECH;UROS;BLVRA;CP;CPOX;UGT2A3;UROD;FXN;UGT1A8,0.3497367718204471,8/19,ALAD;BLVRA;CP;COX10;CPOX;UROD;FXN;UGT2B7,19
African trypanosomiasis,0.7134274129739884,11/19,IL12A;TLR9;PRKCG;IL18;HPR;THOP1;HBA1;NPPA;ICAM1;APOA1;SELE,0.8594627288928258,5/19,IL18;NPPA;ICAM1;SELE;IL12B,19
Kaposi sarcoma-associated herpesvirus infection,0.715344049256035,46/78,MAP2K4;IFNGR1;IFNA10;CALML4;IRF3;GNG12;PREX1;TRAF2;MICA;ICAM1;PIK3CG;PIK3C3;PLCG2;CLEC2B;TLR3;CCR4;ITPR3;MAP2K2;E2F3;TNFRSF1A;CD200R1;AKT3;GABARAP;TCF7L1;NFKBIA;IRF9;GNG8;PPP3CC;NFATC4;CALML6;IKBKE;JAK2;RAF1;FOS;GNG5;UBA52;STAT2;HCK;ZFP36;MAPK11;GNG3;SYK;IFNA8;MAP2K6;E2F1;MAP2K1,0.8379832440238586,24/78,MAPK12;CALML4;IRF3;TRAF2;MICA;ICAM1;PIK3CG;PLCG2;GNB2;ITPR3;E2F3;IFNA21;BAK1;AKT3;GABARAP;CALML6;JAK2;FOS;ZFP36;GNG13;SYK;EIF2AK2;MAP2K6;IFNA5,78
Cushing syndrome,0.7168273552383804,40/68,KCNA4;CREB3L1;WNT5B;CACNA1G;CCNE2;CREB3;FZD10;FZD8;MRAP;FZD3;ADCY4;WNT5A;ITPR3;MAP2K2;E2F3;MC2R;HSD3B2;CYP17A1;WDR5B;CRHR2;BRAF;TCF7L1;ASH2L;FH;GNAI1;CACNA1F;FZD9;KCNK2;CCNE1;CREB3L4;AGT;AHR;USP8;FZD2;CYP21A2;GNAI3;E2F1;CAMK2D;MAP2K1;CYP11A1,0.743931111717518,22/68,CDKN2C;CACNA1G;CREB3;FZD8;MRAP;ADCY4;ITPR3;E2F3;PDE8A;HSD3B2;CYP17A1;WNT8B;WNT8A;WNT10B;GNAI1;FZD9;CCNE1;AGT;WNT9B;USP8;GNAI3;GNAI2,68
Mineral absorption,0.7264902682262226,15/26,STEAP2;ATP1B3;ATP7B;TRPV6;ATP1B2;S100G;SLC39A4;ATP1A3;SLC30A1;CLCN2;SLC5A1;ATP1A2;MT1A;ATP1A1;SLC9A3,0.7559176541056895,8/26,STEAP2;ATP1B3;SLC34A1;TRPV6;ATP1B2;ATP1A3;ATP1B4;ATP1A1,26
Circadian entrainment,0.7283018668966221,25/43,ADCYAP1;CALML4;KCNJ3;GNG12;CACNA1G;PER1;ADCY4;ITPR3;RYR2;GNG8;CALML6;GRIA1;ADCYAP1R1;GNAI1;FOS;GNG5;KCNJ6;PRKCG;GNG3;MTNR1A;MTNR1B;NOS1AP;GNAI3;CAMK2D;RYR3,0.33950644221376597,17/43,ADCY4;GNB2;ITPR3;ADCYAP1;CALML4;GNG13;CALML6;KCNJ9;MTNR1B;NOS1AP;GNAI1;CACNA1G;FOS;GNAI3;GNAI2;RYR2;GUCY1A2,43
HIF-1 signaling pathway,0.7283018668966221,25/43,IFNGR1;INS;RPS6KB2;EIF4EBP1;PLCG2;MAP2K2;EDN1;TEK;PDHA1;LDHAL6A;AKT3;EIF4E2;NPPA;PRKCG;TIMP1;ALDOC;PFKM;IFNGR2;TFRC;GAPDH;RBX1;CAMK2D;CUL2;EGLN2;MAP2K1,0.5879724629802306,15/43,EGF;TIMP1;INS;PDHA1;ALDOC;PFKM;IFNGR2;EIF4E2;RBX1;TEK;PDHA2;NPPA;EIF4EBP1;PLCG2;AKT3,43
Influenza A,0.7314400081271255,44/75,HLA-DRB1;IFNGR1;RAB11B;IFNA10;NLRP3;SLC25A31;IRF3;KPNA5;TPSD1;IL33;NXF5;ICAM1;KPNA2;IFIH1;TLR3;NXT1;IL18;MAP2K2;PYCARD;CCL2;HLA-DOB;TNFRSF1A;AKT3;IL12A;NFKBIA;IRF9;NXT2;RAE1;IKBKE;RAF1;JAK2;NXF3;STAT2;HLA-DMB;HLA-DRB4;DNAJB1;RNASEL;IFNGR2;IFNA8;CCL5;NUP98;HLA-DRB3;MAP2K1;PML,0.8389858776013739,23/75,RAB11B;NLRP3;IRF3;TPSD1;NXF5;ICAM1;IL18;NFKBIB;TPSB2;IFNA21;BAK1;IL12B;AKT3;JAK2;HLA-DMB;DNAJB1;RNASEL;IFNGR2;CCL5;NUP98;EIF2AK2;PML;IFNA5,75
Vascular smooth muscle contraction,0.736423961716487,35/60,CALML4;PPP1R12C;ADORA2B;NPPC;ADRA1A;PLA2G12A;PLA2G10;CALCB;ADCY4;ITPR3;ADM;MAP2K2;EDN1;CALCRL;MYLK2;PLA2G1B;KCNMB4;PLA2G4A;EDN2;BRAF;ARAF;CALML6;CACNA1F;RAF1;ADRA1D;NPPA;PPP1R14A;PLA2G2A;AVP;PRKCG;AGT;RAMP2;NPPB;MAP2K1;KCNMB3,0.9694558250995828,15/60,ADCY4;ITPR3;ADM;CALML4;AGT;CALML6;PLA2G6;MYLK2;NPPB;PLA2G2A;NPPC;NPPA;PPP1R14A;PLA2G4A;GUCY1A2,60
Pyruvate metabolism,0.7379704130998214,12/21,GLO1;ALDH7A1;PC;FH;ADH1C;LDHD;MDH2;ADH7;PDHA1;ALDH9A1;LDHAL6A;ACOT12,0.8111729229789579,6/21,ALDH7A1;PC;LDHD;PDHA2;PDHA1;GLO1,21
MAPK signaling pathway,0.7416304851330613,63/107,MAP2K4;NGFR;INS;CACNA2D4;RASGRP3;GNG12;TRAF2;CACNA1G;MAP3K8;CACNG1;RPS6KA4;PTPN5;GADD45G;ECSIT;CACNG5;CACNB4;MAP2K2;FLNB;FGF17;FGF22;DDIT3;RELB;TEK;TAOK1;TNFRSF1A;RRAS2;HSPA1L;PLA2G4A;MAP3K5;AKT3;BRAF;FLNC;CACNG8;ARAF;PPP3CC;CACNA1F;RAF1;FOS;FGF6;EPHA2;MAPK11;CACNG4;HSPA6;RPS6KA2;PRKCG;FGF10;CACNG2;CACNG6;GADD45A;PPP5C;MAP3K14;DUSP5;RPS6KA6;DAXX;FGFR2;NTF4;CSF1R;RASA1;MAP2K6;MAP2K1;FGF3;CACNG3;MAP3K12,0.5310609372576203,38/107,EGF;RASGRF2;MAPK12;NGFR;INS;CACNA2D4;RASGRP3;TRAF2;CACNA1G;CACNG1;PTPN5;ECSIT;TGFB1;EFNA4;FLNB;FGF17;TEK;TAOK1;DUSP7;PLA2G4A;MAP3K5;AKT3;CACNG7;AREG;FOS;FGF8;NGF;CACNG4;HSPA6;FGF10;MAP4K2;PPP5C;GADD45A;DAXX;FGFR2;MAP2K6;CACNG3;MAP3K12,107
Cortisol synthesis and secretion,0.7479562698977744,16/28,KCNA4;CREB3L1;ADCY4;ITPR3;AGT;MC2R;HSD3B2;CYP17A1;CACNA1F;CACNA1G;CREB3;KCNK2;CYP21A2;MRAP;CYP11A1;CREB3L4,0.708653613127097,9/28,ADCY4;ITPR3;AGT;HSD3B2;PDE8A;CYP17A1;CACNA1G;CREB3;MRAP,28
Estrogen signaling pathway,0.7551598903113177,33/57,KRT31;CREB3L1;CALML4;KCNJ3;KRT12;KRT9;CREB3;KRT20;ADCY4;NCOA2;GABBR2;ITPR3;KRT19;SHC3;MMP9;MAP2K2;KRT26;HSPA1L;AKT3;CALML6;GNAI1;RAF1;FOS;KRT23;KCNJ6;CREB3L4;HSPA6;KRT27;KRT33A;KRT34;GNAI3;MAP2K1;KRT25,0.17962191585152362,24/57,CALML4;KRT37;PGR;KRT12;CREB3;ADCY4;ITPR3;KRT19;SHC3;MMP9;KRT40;KRT26;AKT3;CALML6;KCNJ9;GNAI1;FOS;KRT23;KRT35;HSPA6;KRT36;KRT34;GNAI3;GNAI2,57
Dopaminergic synapse,0.7551598903113177,33/57,CREB3L1;PPP2R2A;CALML4;KCNJ3;GNG12;CREB3;SLC18A1;ITPR3;PPP2R2B;KIF5B;PPP2R5B;PPP2R3B;SLC18A2;SLC6A3;AKT3;PPP2R5E;GNG8;PPP3CC;CALML6;GRIA1;SCN1A;GNAI1;FOS;GNG5;KCNJ6;KIF5A;MAPK11;CREB3L4;PRKCG;GNG3;CLOCK;GNAI3;CAMK2D,0.6782479304540139,19/57,MAPK12;CALML4;MAOA;CREB3;GNB2;ITPR3;PPP2R2B;SLC18A2;SLC6A3;AKT3;CALML6;KCNJ9;SCN1A;GNAI1;FOS;GNG13;CLOCK;GNAI3;GNAI2,57
Glycolysis / Gluconeogenesis,0.7585240927198957,20/35,ADPGK;ADH7;ALDH9A1;ALDH7A1;PDHA1;PGM1;LDHAL6A;GCK;FBP1;TPI1;ADH1C;MINPP1;GAPDHS;GPI;FBP2;ALDOC;PFKM;ALDH3A1;PGM2;GAPDH,0.4800814298602182,13/35,ADPGK;TPI1;ALDH7A1;PGAM2;BPGM;ALDOC;PFKM;PGM2;PDHA2;PGAM1;PDHA1;G6PC3;FBP1,35
Arachidonic acid metabolism,0.7673662479697057,17/30,LTA4H;CBR1;ALOX5;GPX2;AKR1C3;PLA2G1B;GPX3;EPHX2;PLA2G2A;GPX5;CYP2J2;LTC4S;GPX6;PLA2G12A;PLA2G10;PLA2G4A;ALOX15B,0.3645037548262511,12/30,ALOX12B;LTA4H;CYP2C9;CBR1;PLA2G6;GPX2;AKR1C3;PLA2G2A;LTC4S;CYP2J2;PLA2G4A;ALOX15B,30
Nicotinate and nicotinamide metabolism,0.776728396575326,10/18,BST1;NNT;SIRT5;SIRT6;NADSYN1;NT5C1A;NT5M;ENPP3;ENPP1;SIRT2,0.6599960554155286,6/18,BST1;NNT;SIRT5;ENPP3;ENPP1;SIRT1,18
ECM-receptor interaction,0.779005593943035,28/49,LAMC3;GP9;COL6A2;ITGA4;COL9A2;ITGA7;COL2A1;COL4A2;ITGA11;ITGA8;NPNT;ITGB5;SV2B;LAMB4;COL6A3;LAMA3;COL4A4;LAMA2;ITGB6;LAMB2;ITGB7;GP1BB;COL9A3;DSPP;ITGA6;TNR;COL4A5;LAMB1,0.8037754307214602,15/49,LAMB1;GP5;SV2B;LAMB2;ITGA4;LAMB4;COL9A2;ITGA7;COL4A4;TNR;ITGB6;THBS3;GP1BA;CHAD;ITGA10,49
Fc epsilon RI signaling pathway,0.779187011847029,14/25,MAP2K4;BTK;MAPK11;ALOX5;MAP2K2;PLCG2;SYK;LCP2;RAF1;MAP2K6;MAP2K1;PLA2G4A;FCER1A;AKT3,0.8385718011462135,7/25,MAPK12;IL13;SYK;MAP2K6;PLA2G4A;PLCG2;AKT3,25
Pathogenic Escherichia coli infection,0.7809066943439488,38/66,NCKAP1;CLDN23;TUBA3C;NCK1;TUBB2A;NLRP3;SEC24A;TRAF2;TLR5;ARPC5L;IL18;PYCARD;ARPC3;TUBB8;SEC24C;TNFRSF1A;TUBA1A;TUBA8;ARPC2;NFKBIA;CLDN2;BAIAP2L1;RPS3;RIPK1;FOS;CLDN15;NCKAP1L;MAPK11;MYO5C;ARPC1B;CLDN10;CLDN7;FCGR2A;ARPC5;GAPDH;TUBAL3;HCLS1;ARHGEF2,0.3836526592795406,25/66,NCKAP1;NLRP4;MAPK12;TUBA3C;NLRP3;SEC24D;SEC24A;TRAF2;ARPC5L;SEC24B;IL18;NFKBIB;ARPC3;TUBB8;BAK1;WASF3;BAIAP2L1;RPS3;RIPK1;FOS;CLDN15;ARPC5;CLDN6;HCLS1;ARHGEF2,66
Breast cancer,0.7809066943439488,38/66,WNT5B;FRAT2;FRAT1;RPS6KB2;FZD10;FZD8;GADD45G;FZD3;WNT5A;SHC3;HEYL;E2F3;MAP2K2;FGF17;FGF22;JAG1;FGF3;AKT3;BRAF;TCF7L1;ARAF;NOTCH1;BRCA2;RAF1;LRP5;FZD9;FOS;FGF6;NOTCH2;NOTCH3;HEY1;FGF10;GADD45A;FZD2;E2F1;MAP2K1;JAG2;DDB2,0.8428991570285892,20/66,EGF;PGR;FZD8;SHC3;E2F3;FGF17;BAK1;AKT3;WNT8B;WNT8A;WNT10B;FZD9;FOS;FGF8;NOTCH2;FGF10;WNT9B;GADD45A;DLL4;JAG2,66
Hepatocellular carcinoma,0.7939951519693297,39/68,WNT5B;BRD7;GSTA2;GSTA3;FRAT2;FRAT1;GSTA5;RPS6KB2;FZD10;FZD8;PLCG2;GADD45G;FZD3;WNT5A;GSTA4;SHC3;MAP2K2;E2F3;SMARCD3;GSTM2;BAD;AKT3;BRAF;TCF7L1;ARAF;ARID2;RAF1;LRP5;FZD9;DPF1;GSTO2;PRKCG;GADD45A;FZD2;ARID1B;NFE2L2;E2F1;MAP2K1;DDB2,0.743931111717518,22/68,DPF3;BRD7;GSTA3;GSTA2;TXNRD2;FZD8;PLCG2;TGFB1;SHC3;E2F3;SMARCD3;GSTM2;BAK1;AKT3;WNT8B;WNT8A;WNT10B;FZD9;DPF1;WNT9B;GADD45A;ARID1B,68
Mitophagy,0.7955377825341425,11/20,GABARAP;TBC1D17;CITED2;USP8;SQSTM1;UBA52;ATG9A;E2F1;RRAS2;TFEB;FUNDC1,0.9594333209315872,4/20,GABARAP;TBC1D15;ATG9A;USP8,20
Carbohydrate digestion and absorption,0.7955377825341425,11/20,ATP1B3;ATP1B2;SLC37A4;ATP1A3;SI;AMY1C;SLC5A1;ATP1A2;SLC2A5;ATP1A1;AKT3,0.021652829209167394,12/20,ATP1B3;SLC2A5;ATP1B2;MGAM;ATP1A3;ATP1B4;AMY1C;LCT;G6PC3;TAS1R2;ATP1A1;AKT3,20
Regulation of lipolysis in adipocytes,0.7966477586833661,15/27,ADCY4;PDE3B;INS;LIPE;IRS1;MGLL;ABHD5;GNAI1;GNAI3;ADRB3;AQP7;ADRB1;NPPA;ADRB2;AKT3,0.21651268150624298,12/27,ADCY4;PDE3B;INS;MGLL;ABHD5;TSHB;GNAI1;GNAI3;NPPA;GNAI2;ADRB2;AKT3,27
Inflammatory bowel disease,0.8010052807371707,19/34,HLA-DRB1;IFNGR1;TLR5;STAT6;IL18;IL22;HLA-DOB;NOD2;IL12A;IL17A;HLA-DMB;IL2RG;HLA-DRB4;IFNGR2;IL21R;HLA-DRB3;TLR2;IL23R;IL18RAP,0.9808295565756023,7/34,TGFB1;IL18;IL23A;IFNGR2;IL13;HLA-DMB;IL12B,34
Purine metabolism,0.8019964546145911,33/58,ENTPD4;GUCY2F;PRPS1L1;GMPS;PDE6G;NT5M;PDE6H;ENPP3;NME7;ENPP4;HPRT1;ADCY4;PDE3B;ALLC;IMPDH2;NT5C1A;ENTPD1;RRM1;PDE2A;PGM1;HDDC3;RRM2B;NME3;ATIC;NUDT5;ENPP1;ADSL;PGM2;AMPD2;XDH;PDE7B;GMPR;PDE7A,0.29362716652262155,23/58,GMPS;ENPP3;HPRT1;ENPP4;ADCY4;PDE3B;PDE4B;PDE8A;NME6;PDE3A;PDE2A;HDDC3;GUCY1A2;NME3;GUCY2C;ATIC;PDE6D;NUDT5;ENPP1;PGM2;XDH;PDE7B;PDE7A,58
GABAergic synapse,0.8067599500666689,23/41,GABRR1;SLC6A13;GNG12;GABRA3;SLC6A12;GABRP;SLC12A5;ADCY4;GABBR2;SLC38A5;GABRA6;SLC6A11;GABARAP;GNG8;GNAI1;GABRG3;CACNA1F;GNG5;KCNJ6;PRKCG;GABRA5;GNG3;GNAI3,0.8395621125688973,12/41,SLC12A5;ADCY4;GABARAP;GNB2;GNG13;GABRR1;SLC6A13;GNAI1;GABRA3;SLC38A5;GNAI3;GNAI2,41
Renal cell carcinoma,0.812253275671817,12/22,BRAF;PAK6;ARAF;MAP2K2;FH;RAF1;RBX1;EGLN2;CUL2;MAP2K1;BAD;AKT3,0.9342737243501681,5/22,TGFB1;PRCC;RBX1;ARNT2;AKT3,22
Shigellosis,0.8144632683112862,44/77,NLRP3;IRF3;SQSTM1;TRAF2;MYL2;MYL7;CAPN2;TLR5;RPS6KB2;PIK3C3;NLRC4;ARPC5L;PLCG2;ITPR3;IL18;PYCARD;GLMN;ARPC3;UBE2D4;UBE2NL;TNFRSF1A;RRAGD;ARPC2;AKT3;MYLPF;GABARAP;PIK3R4;NFKBIA;RRAGA;RIPK1;UBA52;PFN3;CAPN1;MAPK11;ARPC1B;PLCD4;DOCK1;CCL5;ARPC5;RBCK1;RBX1;ATG16L1;HCLS1;ARHGEF2,0.5710891199494181,27/77,U2AF1L4;MAPK12;NLRP3;IRF3;TRAF2;MYL7;NLRC4;ARPC5L;PLCG2;ITPR3;IL18;NFKBIB;ARPC3;UBE2NL;AKT3;GABARAP;RIPK1;RNF31;PFN3;PFN4;CCL5;ARPC5;UBE2V2;WIPI1;RBX1;HCLS1;ARHGEF2,77
Tight junction,0.8145195330576289,34/60,CLDN23;TUBA3C;PPP2R2A;MPDZ;CD1B;MYL2;RDX;ARPC5L;IGSF5;PRKAB1;PPP2R2B;PARD3;ARPC3;SYMPK;DLG1;TUBA1A;TUBA8;MAP3K5;ARPC2;WAS;TJP2;CLDN2;CLDN15;ARPC1B;CD1C;CLDN10;CLDN7;ARPC5;GATA4;TUBAL3;PRKAG1;HCLS1;ARHGEF2;PRKAA1,0.680263259284877,20/60,TUBA3C;CD1B;ARPC5L;IGSF5;PRKAB1;PPP2R2B;PARD3;ARPC3;LLGL1;MARVELD3;MAP3K5;CLDN15;CD1C;ARPC5;AMOT;CLDN6;PRKAG1;HCLS1;ARHGEF2;PRKAA1,60
Adipocytokine signaling pathway,0.815630014245977,20/36,IRS1;ACSBG1;TRAF2;TNFRSF1B;PRKAB1;NFKBIE;LEPR;TNFRSF1A;AKT3;NFKBIA;CPT1C;JAK2;ACSL5;ACSL4;LEP;RXRB;ACSL6;AGRP;PRKAG1;PRKAA1,0.5296062484107531,13/36,PRKAB1;NFKBIE;NFKBIB;ACSBG2;CPT1C;TRAF2;JAK2;PRKAG1;TNFRSF1B;G6PC3;LEP;PRKAA1;AKT3,36
Renin secretion,0.815630014245977,20/36,ADCYAP1;CALML4;CLCA2;ITPR3;PDE3B;EDN1;EDN2;PTGER2;PPP3CC;CALML6;ADCYAP1R1;GNAI1;CACNA1F;ADRB1;NPPA;AGT;GNAI3;ADRB3;ADRB2;CLCA1,0.2687571037300811,15/36,ITPR3;ADCYAP1;PDE3B;CALML4;PTGER2;CALML6;AGT;GNAI1;CLCA2;GNAI3;PDE3A;NPPA;GNAI2;ADRB2;GUCY1A2,36
T cell receptor signaling pathway,0.815630014245977,20/36,NCK1;MAP3K8;NFKBIE;MAP2K2;CD40LG;LCP2;DLG1;AKT3;NFKBIA;PPP3CC;RAF1;FOS;ICOS;MAPK11;PAK6;CARD11;MAP3K14;CD8A;MAP2K1;CD3G,0.9351117124289094,9/36,NFKBIE;MAPK12;NFKBIB;CD40LG;CD8A;CD4;FOS;ICOS;AKT3,36
GnRH secretion,0.8266676594528091,17/31,KCNJ11;GABBR2;ITPR3;GNRH1;TRPC5;MAP2K2;PRKCG;KCNJ3;GNRH2;KCNN3;CACNA1F;RAF1;CACNA1G;HCN3;MAP2K1;KCNJ6;AKT3,0.824752181594417,9/31,ITPR3;GNRH1;KCNJ9;GNRH2;KCNN3;KCNN4;CACNA1G;HCN3;AKT3,31
Steroid hormone biosynthesis,0.8266676594528091,17/31,CYP1A1;SULT2B1;CYP3A4;AKR1C3;HSD3B2;CYP17A1;CYP3A5;CYP1B1;HSD17B6;CYP21A2;CYP11A1;STS;UGT2A3;HSD11B2;CYP11B2;CYP3A7;UGT1A8,0.4171592584571393,12/31,CYP1A1;SRD5A1;AKR1C3;HSD3B2;CYP17A1;AKR1C4;HSD17B6;STS;HSD17B2;CYP11B2;CYP7A1;UGT2B7,31
Tuberculosis,0.8326628596222378,39/69,HLA-DRB1;IFNGR1;IFNA10;CALML4;CEBPG;ATP6V0D1;TCIRG1;PIK3C3;IL18;ITGAM;LAMP2;HLA-DOB;CAMP;TNFRSF1A;NOD2;BAD;AKT3;IL12A;TLR9;IL10RB;PPP3CC;CALML6;SPHK2;RAF1;JAK2;ATP6V0A2;RAB5B;HLA-DMB;MAPK11;HLA-DRB4;CLEC4E;IFNGR2;SYK;IFNA8;CAMK2D;HLA-DRB3;TLR2;CYP27B1;FCGR2A,0.8963574060444053,20/69,MAPK12;CALML4;FCGR2B;TGFB1;IL18;CAMP;IFNA21;IL12B;AKT3;IL10RB;CALML6;JAK2;HLA-DMB;RAB5B;IL23A;IFNGR2;SYK;CYP27B1;IFNA5;RFXAP,69
Galactose metabolism,0.8339597105480018,9/17,B4GALT1;PFKM;PGM2;UGP2;SI;PGM1;GLA;GCK;GALK1,0.10641251444240321,9/17,B4GALT1;MGAM;GANC;PFKM;PGM2;LCT;G6PC3;GLA;GALK1,17
"Alanine, aspartate and glutamate metabolism",0.8339597105480018,9/17,GPT;IL4I1;ADSL;CAD;ASL;ASS1;NIT2;CPS1;NAT8L,0.9939701395486619,2/17,ASL;CAD,17
Cytosolic DNA-sensing pathway,0.8412648066003761,22/40,IFNA10;POLR3E;IRF3;POLR2E;POLR3H;IL33;IL18;PYCARD;POLR1C;RIPK3;POLR3K;POLR3GL;NFKBIA;RIPK1;IKBKE;POLR3D;CCL4;CCL5;IFNA8;POLR2H;POLR2F;POLR3G,0.5829104869434749,14/40,IL18;NFKBIB;POLR3E;RIPK1;IRF3;CCL5;RIPK3;POLR3H;POLR3D;IFNA21;POLR3K;IFNA5;POLR3C;CCL4,40
Metabolism of xenobiotics by cytochrome P450,0.8412648066003761,22/40,EPHX1;CYP3A4;GSTA3;GSTA2;UGT2A3;CYP2A6;ADH7;GSTA4;CYP1A1;CBR1;GSTM2;GSTK1;UGT1A8;ADH1C;AKR7A2;CYP3A5;GSTO2;AKR7A3;CYP1B1;ALDH3A1;DHDH;GSTA5,0.8116004585277339,12/40,EPHX1;CYP2C9;CYP1A1;CBR1;AKR7A3;GSTA3;CYP2A7;GSTA2;GSTM2;DHDH;GSTK1;UGT2B7,40
Drug metabolism,0.8481594750297694,30/54,GMPS;CYP3A4;GSTA2;GSTA3;CYP2A6;UGT2A3;ADH7;NME7;HPRT1;UCK2;TK1;FMO1;GSTA4;UCKL1;UPB1;IMPDH2;GSTM2;GSTK1;RRM1;UMPS;UGT1A8;RRM2B;ADH1C;NME3;CYP3A5;GSTO2;UPP2;ALDH3A1;XDH;GSTA5,0.6762381743377325,18/54,CYP2C9;NME3;UPP2;GMPS;MAOA;CYP2A7;GSTA3;GSTA2;UPB1;GSTM2;XDH;TK1;GSTK1;NME6;HPRT1;UCK2;UGT2B7;FMO1,54
Glycerophospholipid metabolism,0.8514516915076846,19/35,DGKH;DGKB;AGPAT1;PLA2G12A;PLA2G10;DGKI;PLA2G1B;PLA2G4A;LCAT;MBOAT1;PTDSS2;PCYT1A;LPCAT3;PNPLA7;LPIN1;DGKQ;PLA2G2A;PLD2;LPIN3,0.4800814298602182,13/35,DGKI;LCAT;MBOAT1;PTDSS2;DGKB;PLA2G4A;PLA2G6;LPCAT3;LPIN3;PNPLA7;PLA2G2A;DGKQ;CEPT1,35
Antigen processing and presentation,0.8528302457436638,15/28,HLA-DRB1;KIR3DL3;HSPA6;HLA-DRB4;TAP2;HSPA1L;TAP1;KIR2DS1;HLA-DOB;CD8A;HLA-DRB3;KLRC2;B2M;HLA-DMB;CALR,0.8309930118015887,8/28,HSPA6;KIR2DL2;RFXAP;TAP2;CD8A;CD4;KLRC2;HLA-DMB,28
Staphylococcus aureus infection,0.85496295741019,27/49,HLA-DRB1;KRT31;KRT12;KRT9;C3AR1;ICAM1;KRT20;KRT19;ITGAM;HLA-DOB;SELPLG;CAMP;C1R;KRT26;FPR1;KRT23;DEFA1;C4B;HLA-DMB;HLA-DRB4;DEFA4;KRT27;KRT33A;KRT34;HLA-DRB3;KRT25;FCGR2A,0.478774049918702,18/49,DEFB1;KRT19;KRT35;DEFA4;KRT37;KRT36;KRT12;C4B;KRT34;CAMP;KRT40;KRT26;KRT23;ICAM1;FCGR2B;DEFA1;C5;HLA-DMB,49
Endometrial cancer,0.8588618889118961,11/21,BRAF;TCF7L1;GADD45G;ARAF;MAP2K2;GADD45A;RAF1;MAP2K1;BAD;DDB2;AKT3,0.9699733806790846,4/21,EGF;GADD45A;BAK1;AKT3,21
Arginine and proline metabolism,0.8588618889118961,11/21,ALDH7A1;ODC1;SMOX;SAT2;SRM;GAMT;CKM;OAT;ARG2;ALDH9A1;GATM,0.3093205661981114,9/21,ALDH7A1;SMOX;SAT2;SRM;MAOA;CKM;OAT;ARG2;ARG1,21
Malaria,0.8588618889118961,11/21,IL12A;TLR9;IL18;CCL2;KLRB1;CD40LG;SDC2;HBA1;TLR2;ICAM1;SELE,0.8111729229789579,6/21,TGFB1;IL18;CD40LG;ICAM1;THBS3;SELE,21
Bacterial invasion of epithelial cells,0.8588618889118961,11/21,SHC3;ARPC3;DOCK1;DNM3;ARPC5;CLTA;CLTCL1;HCLS1;ARPC5L;ARPC2;ARPC1B,0.4809420468591879,8/21,SHC3;ARPC3;DNM3;ARPC5;CLTA;CLTCL1;HCLS1;ARPC5L,21
Human immunodeficiency virus 1 infection,0.8625507628957012,49/87,IFNA10;LIMK1;CALML4;TAP1;IRF3;GNG12;TRAF2;RPS6KB2;TNFRSF1B;PLCG2;CALR;ITPR3;TAP2;WEE1;MAP2K2;CCNB2;TNFRSF1A;BAD;B2M;AKT3;NFKBIA;GNG8;PPP3CC;NFATC4;CALML6;RIPK1;GNAI1;RAF1;FOS;GNG5;APOBEC3H;RNF7;APOBEC3G;MAPK11;PAK6;PRKCG;AP1S3;GNG3;ATR;IFNA8;APOBEC3D;GNAI3;RBX1;CHEK1;MAP2K6;TLR2;MAP2K1;CCNB3;CD3G,0.43695715693056497,32/87,MAPK12;CALML4;IRF3;TRAF2;TNFRSF1B;PLCG2;GNB2;ITPR3;TAP2;WEE1;IFNA21;BAK1;AP1B1;AKT3;CALML6;RIPK1;GNAI1;CD4;FOS;APOBEC3H;AP1M2;GNG13;AP1S3;ATR;GNAI3;RBX1;CHEK1;MAP2K6;GNAI2;AP1S1;CCNB3;IFNA5,87
Insulin resistance,0.8628738635275348,24/44,CREB3L1;IRS1;INS;CREB3;RPS6KB2;PPARGC1B;PRKAB1;SLC27A2;MLXIPL;TNFRSF1A;PYGM;AKT3;NFKBIA;GYS1;PPP1R3C;CREB3L4;RPS6KA2;SLC27A3;AGT;RPS6KA6;SLC27A5;TBC1D4;PRKAG1;PRKAA1,0.6302743754177652,15/44,PRKAB1;PPP1R3A;SLC27A3;AGT;SLC27A2;INS;GYS2;PPP1R3C;CREB3;MLXIPL;PRKAG1;G6PC3;PPP1R3B;PRKAA1;AKT3,44
Neutrophil extracellular trap formation,0.8628738635275348,24/44,CLCN3;SLC25A31;HDAC1;PLCG2;NCF4;ITGAM;MAP2K2;TLR8;SELPLG;CAMP;FPR1;PPIF;AKT3;AQP9;HDAC11;RAF1;MAPK11;PRKCG;CYBA;SYK;TLR2;MAP2K1;FCGR2A;GSDMD,0.743185128442678,14/44,MAPK12;CLCN3;HDAC3;PLCG2;AQP9;HDAC11;SYK;ATG7;CAMP;HDAC1;GP1BA;C5;GSDMD;AKT3,44
MicroRNAs in cancer,0.8648048804794444,28/51,CCNG1;IRS1;MARCKS;CCNE2;RECK;RDX;HDAC1;HOXD10;CDCA5;PLCG2;FZD3;MAP2K2;MMP9;E2F3;ABCB1;TIMP3;NOTCH1;RAF1;PLAU;CCNE1;NOTCH2;PRKCG;NOTCH3;CYP1B1;ZEB2;E2F1;TNR;MAP2K1,0.5619478466228569,18/51,HDAC1;SLC45A3;NOTCH2;CCNG1;EFNA4;BCL2L2;MMP9;E2F3;ZEB2;MMP16;RECK;TNR;CDCA5;HOXD10;CCNE1;SIRT1;BAK1;PLCG2,51
Necroptosis,0.8675214470416417,32/58,IFNGR1;IFNA10;DNM1L;BIRC2;NLRP3;TICAM2;SLC25A31;SQSTM1;TRAF2;IL33;TLR3;STAT6;PYCARD;RIPK3;TNFRSF1A;PYGM;PLA2G4A;PARP1;FAF1;IRF9;RIPK1;JAK2;VPS4A;STAT2;CHMP6;CAPN1;IFNGR2;IFNA8;RBCK1;USP21;CAMK2D;CAPN2,0.7991178616253074,18/58,PARP1;SPATA2L;BIRC2;NLRP3;IFNA5;RIPK1;IFNGR2;RNF31;TRAF2;JAK2;EIF2AK2;RIPK3;CHMP2A;USP21;IFNA21;CHMP1B;CHMP6;PLA2G4A,58
Human cytomegalovirus infection,0.8778032829171103,44/79,CREB3L1;IFNA10;CALML4;TAP1;IRF3;GNG12;TRAF2;TSC1;CREB3;RPS6KB2;EIF4EBP1;ADCY4;ITPR3;TAP2;MAP2K2;CCL2;E2F3;TNFRSF1A;B2M;AKT3;IL10RB;NFKBIA;PTGER2;GNG8;PPP3CC;NFATC4;CALML6;RIPK1;GNAI1;RAF1;PTGER1;GNG5;MAPK11;CCL4;CREB3L4;PRKCG;GNG3;CCL5;IFNA8;GNAI3;MAP2K6;E2F1;MAP2K1;CALR,0.6350231147599392,27/79,MAPK12;CALML4;IRF3;TRAF2;TSC1;CREB3;EIF4EBP1;ADCY4;GNB2;ITPR3;TAP2;E2F3;IFNA21;BAK1;AKT3;IL10RB;PTGER2;CALML6;RIPK1;GNAI1;CCL4;GNG13;CCL5;GNAI3;MAP2K6;GNAI2;IFNA5,79
Endocrine and other factor-regulated calcium reabsorption,0.8792341356851033,13/25,PTH;ATP1B3;PRKCG;ATP1B2;ATP1A3;DNM3;AP2S1;CALB1;CLTA;CLTCL1;BDKRB2;ATP1A2;ATP1A1,0.243430184211881,11/25,TRPV5;ATP1B3;ATP1B2;ATP1A3;DNM3;CALB1;CLTA;CLTCL1;BDKRB2;ATP1B4;ATP1A1,25
Central carbon metabolism in cancer,0.8792341356851033,13/25,SLC1A5;SIRT6;MAP2K2;SCO2;PFKM;FGFR2;G6PD;RAF1;MAP2K1;PDHA1;LDHAL6A;GCK;AKT3,0.7104879245356766,8/25,SLC1A5;PGAM2;PFKM;FGFR2;PDHA2;PGAM1;PDHA1;AKT3,25
Gastric acid secretion,0.8812177983762475,22/41,KCNK10;CA2;CCKBR;CALML4;ATP1B2;ADCY4;ATP1B3;KCNJ16;ITPR3;MYLK2;SLC9A1;CALML6;ATP1A3;GNAI1;KCNK2;PRKCG;GNAI3;SLC4A2;CAMK2D;ATP1A2;ATP1A1;KCNJ15,0.3708488511106263,16/41,KCNK10;CA2;CCKBR;ADCY4;ATP1B3;CALML4;ITPR3;ATP1B2;CALML6;MYLK2;ATP1A3;GNAI1;GNAI3;GNAI2;ATP1B4;ATP1A1,41
Autophagy,0.882356378573282,30/55,IRS1;INS;SQSTM1;ULK2;TSC1;ATG9A;TP53INP2;DAPK2;VAMP8;RPS6KB2;PIK3C3;ATG4A;MAP2K2;LAMP2;WDR41;RRAS2;BAD;RRAGD;AKT3;GABARAP;PIK3R4;MTMR3;RRAGA;RB1CC1;RAF1;TANK;ATG16L1;MAP2K1;C9ORF72;PRKAA1,0.7104150353906951,18/55,GABARAP;SH3GLB1;EIF2AK4;INS;MTMR3;RB1CC1;WIPI1;ATG4C;TSC1;ATG7;ATG9A;ATG4A;DAPK2;DAPK3;C9ORF72;TANK;PRKAA1;AKT3,55
Cholinergic synapse,0.882356378573282,30/55,CREB3L1;CHRNA4;KCNJ3;GNG12;CREB3;SLC5A7;KCNQ3;PIK3CG;ADCY4;CHRNB4;ITPR3;SLC18A3;KCNQ5;CHRNA3;AKT3;GNG8;GNAI1;CACNA1F;JAK2;FOS;GNG5;KCNJ6;CREB3L4;PRKCG;GNG3;KCNJ14;GNAI3;CAMK2D;MAP2K1;CAMK4,0.8004021351611386,17/55,ADCY4;GNB2;ITPR3;SLC18A3;GNG13;GNAI1;JAK2;FOS;CREB3;GNAI3;GNAI2;KCNQ3;PIK3CG;CAMK4;CHRNA3;KCNQ4;AKT3,55
Type I diabetes mellitus,0.8832652025569516,8/16,HLA-DRB1;IL12A;HLA-DRB4;INS;PTPRN;HLA-DOB;HLA-DRB3;HLA-DMB,0.8741488165271394,4/16,PTPRN;HLA-DMB;IL12B;INS,16
Neurotrophin signaling pathway,0.8895620224121862,23/43,NGFR;CALML4;IRS1;PLCG2;NFKBIE;ARHGDIG;SHC3;MAP2K2;BAD;MAP3K5;AKT3;BRAF;NFKBIA;CALML6;RAF1;MAPK11;RPS6KA2;RPS6KA6;NTF4;CAMK2D;MAP2K1;ARHGDIB;CAMK4,0.7072589797529331,14/43,NFKBIE;NGFR;MAPK12;MAP3K5;CALML4;SHC3;NFKBIB;CALML6;CAMK4;ARHGDIB;NGF;PLCG2;SH2B2;AKT3,43
Sphingolipid signaling pathway,0.8895620224121862,23/43,S1PR1;PPP2R2A;TRAF2;FCER1A;SGPP2;PPP2R2B;MAP2K2;TNFRSF1A;PPP2R5B;PPP2R3B;BDKRB2;MAP3K5;AKT3;PPP2R5E;SPHK2;GNAI1;RAF1;NSMAF;MAPK11;PRKCG;PLD2;GNAI3;MAP2K1,0.7072589797529331,14/43,S1PR2;S1PR1;MAPK12;OPRD1;PPP2R2B;GNAI1;TRAF2;GNAI3;SPTLC1;BDKRB2;GNAI2;MAP3K5;NSMAF;AKT3,43
PPAR signaling pathway,0.8895620224121862,23/43,ACSBG1;FABP3;EHHADH;APOA5;MMP1;SLC27A2;AQP7;SCP2;HMGCS2;ACOX3;CPT1C;ACOX2;ACSL5;ACSL4;GK;RXRB;APOA1;APOA2;ACSL6;CPT2;SLC27A5;FABP7;LPL,0.5879724629802306,15/43,HMGCS2;APOA5;SLC27A2;ACOX3;ACSBG2;FABP7;CPT1C;FABP3;UCP1;GK;EHHADH;FABP2;SCP2;CYP7A1;SORBS1,43
Protein digestion and absorption,0.890183988774653,31/57,CPB1;ATP1B2;COL20A1;COL23A1;COL6A2;COL9A2;MEP1B;CPA1;COL2A1;COL4A2;COL16A1;SLC9A3;ATP1B3;SLC16A10;SLC15A1;COL25A1;DPP4;KCNE3;COL11A2;ATP1A2;ATP1A3;COL6A3;COL4A4;PGA3;SLC1A5;SLC36A3;COL21A1;COL9A3;PGA5;COL4A5;ATP1A1,0.7719183523979563,18/57,KCNJ13;SLC36A1;ATP1B3;SLC1A5;ATP1B2;COL20A1;COL25A1;COL23A1;ATP1A3;COL27A1;KCNN4;PGA5;COL9A2;DPP4;COL4A4;KCNE3;ATP1B4;ATP1A1,57
Toll-like receptor signaling pathway,0.8972454023441689,24/45,MAP2K4;IFNA10;TICAM2;IRF3;MAP3K8;TLR5;TLR3;MAP2K2;TLR8;AKT3;IL12A;CTSK;TLR9;NFKBIA;RIPK1;IKBKE;FOS;MAPK11;CCL4;CCL5;IFNA8;MAP2K6;TLR2;MAP2K1,0.9591930003032307,11/45,MAPK12;RIPK1;IRF3;CCL4;CCL5;FOS;MAP2K6;IFNA21;IFNA5;IL12B;AKT3,45
FoxO signaling pathway,0.8972454023441689,24/45,IL7R;S1PR1;IRS1;INS;RAG2;PLK2;HOMER1;GADD45G;PRKAB1;MAP2K2;CCNB2;SGK3;AKT3;BRAF;GABARAP;ARAF;PRKAG1;RAF1;MAPK11;GADD45A;SGK1;MAP2K1;CCNB3;PRKAA1,0.5501843686727845,16/45,EGF;GABARAP;S1PR1;MAPK12;PRKAB1;TGFB1;INS;GADD45A;SGK1;CCNB3;PLK2;PRKAG1;SIRT1;G6PC3;PRKAA1;AKT3,45
Cocaine addiction,0.8985878630639262,10/20,GRIN3A;CREB3L1;CREB3L4;GNAI1;GNAI3;CREB3;SLC18A1;SLC18A2;CDK5R1;SLC6A3,0.25099827678295084,9/20,MAOA;CDK5;GNAI1;GNAI3;CREB3;GNAI2;SLC18A2;CDK5R1;SLC6A3,20
Adherens junction,0.8985878630639262,10/20,TCF7L1;IQGAP1;FARP2;SNAI1;PARD3;SNAI2;SSX2IP;CTNND1;ACP1;WAS,0.25099827678295084,9/20,IQGAP1;FARP2;FER;PARD3;SSX2IP;CTNND1;ACP1;SORBS1;WASF3,20
Retinol metabolism,0.8991898059860444,20/38,DHRS4;RDH12;CYP3A4;HSD17B6;UGT2A3;CYP2A6;ADH7;CYP3A7;CYP1A1;ALDH1A1;RDH11;RDH16;UGT1A8;RDH5;ADH1C;CYP3A5;DGAT1;CYP2W1;RETSAT;CYP26A1,0.7452322025845177,12/38,DHRS4;CYP2C9;CYP1A1;DGAT1;CYP2W1;CYP2A7;RPE65;HSD17B6;RETSAT;ALDH1A1;RDH11;UGT2B7,38
Chemokine signaling pathway,0.9025439888899026,44/80,CCL20;CXCR3;CCL19;CXCL14;CCL7;CCR7;CCL1;GNG12;PREX1;PIK3CG;PLCG2;CCR4;CCL22;ADCY4;CCL16;SHC3;CCL2;PARD3;BAD;PF4V1;WAS;AKT3;BRAF;NFKBIA;GNG8;GNAI1;GRK6;RAF1;JAK2;CCL15;PPBP;STAT2;GNG5;CCR9;HCK;CCL17;CCL4;PF4;GNG3;CX3CR1;CCL5;GNAI3;CCR10;MAP2K1,0.7468213462050283,26/80,CCL19;CXCL14;CCL1;PIK3CG;PLCG2;CCL22;ADCY4;GNB2;CCL25;SHC3;NFKBIB;PARD3;PF4V1;AKT3;GNAI1;GRK6;JAK2;PPBP;XCL2;CCL4;PF4;CCL24;GNG13;CCL5;GNAI3;GNAI2,80
Wnt signaling pathway,0.9041953283603865,33/61,WNT5B;BAMBI;FRAT1;DKK1;LGR5;FRAT2;RYK;FZD10;FZD8;FZD3;WNT5A;PRICKLE2;TBL1Y;SENP2;RNF43;DAAM2;TCF7L1;INVS;CTBP2;PPP3CC;NFATC4;LRP5;FZD9;PRKCG;FZD2;CBY1;SFRP5;RBX1;CAMK2D;PRICKLE1;SERPINF1;GPC4;TLE1,0.7980547806164746,19/61,BAMBI;LGR5;RYK;FZD8;SENP2;RNF43;WNT8B;WNT8A;WNT10B;SOST;INVS;CTBP2;CER1;FZD9;WNT9B;NKD1;RBX1;PRICKLE1;TLE1,61
"Glycine, serine and threonine metabolism",0.9054705021519751,11/22,PIPOX;GCAT;ALDH7A1;CHDH;GCSH;SRR;GAMT;AOC3;SDSL;GATM;GNMT,0.1153708542885946,11/22,GCAT;CHDH;ALDH7A1;CTH;PGAM2;BPGM;GCSH;MAOA;SRR;GLYCTK;PGAM1,22
Systemic lupus erythematosus,0.9054705021519751,11/22,HLA-DRB1;HLA-DRB4;SNRPD3;CD40LG;HLA-DOB;C4B;C1R;HLA-DRB3;FCGR2A;HLA-DMB;C9,0.977906637641066,4/22,HLA-DMB;C5;CD40LG;C4B,22
Glucagon signaling pathway,0.9108724073209195,26/49,CREB3L1;CALML4;CREB3;PHKA2;PRKAB1;ITPR3;PDE3B;PHKG1;PDHA1;LDHAL6A;PYGM;FBP1;GCK;AKT3;GYS1;PPP3CC;CALML6;CPT1C;FBP2;GCGR;CREB3L4;PFKM;CAMK2D;PRKAG1;PRKAA1;PPP4C,0.17391824184092994,21/49,CALML4;CREB3;PRKAB1;ITPR3;PDE3B;GYS2;PGAM1;PDHA1;FBP1;AKT3;PGAM2;CALML6;CPT1C;PDHA2;SIRT1;GCGR;PFKM;GCG;PRKAG1;G6PC3;PRKAA1,49
Transcriptional misregulation in cancer,0.9113088743838669,38/70,SUPT3H;NGFR;BIRC2;IL2RB;DOT1L;ZBTB17;EYA1;HOXA11;HDAC1;FEV;GADD45G;SIN3A;ITGAM;MMP9;LMO2;DDIT3;BAIAP3;SSX1;NR4A3;FUS;ETV5;ASPSCR1;REL;RUNX1T1;CCNA2;PTCRA;PLAU;RXRB;FLI1;DEFA1;ITGB7;ATF1;DEFA4;GADD45A;CSF1R;TLX3;PML;DDB2,0.7959326900673463,22/70,SLC45A3;NGFR;CDKN2C;BIRC2;IL2RB;HDAC1;FEV;MMP9;PBX3;WT1;BAK1;NR4A3;RUNX1T1;CCNA2;PRCC;ARNT2;DEFA1;FLI1;DEFA4;GADD45A;TLX3;PML,70
Pathways in cancer,0.9214257215259579,119/209,IFNA10;CCNE2;COL4A2;MMP1;HEYL;E2F3;JAG1;AKT3;BRAF;IL12A;RUNX1T1;GNG8;PLEKHG5;CKS2;LAMB4;STAT2;BMP2;AGT;GNG3;MSH2;FGF10;RBX1;CSF1R;CAMK2D;E2F1;JAG2;FGF3;RASSF5;PML;GSTA5;IL7R;IFNGR1;F2RL3;BIRC2;IL2RB;LAMC3;GSTA2;RPS6KB2;FZD8;SMO;FZD3;GSTA4;MMP9;BDKRB2;BAD;FH;NFKBIA;GNAI1;NOTCH1;ALK;LAMA3;COL4A4;LAMA2;FGF6;RXRB;GSTO2;PLD2;IFNA8;NFE2L2;ITGA6;KIF7;WNT5B;GSTA3;TRAF2;DAPK2;GLI1;GADD45G;ADCY4;STAT6;IL7;MAP2K2;EDN1;FGF17;FGF22;TCF7L1;PTGER2;ARAF;CALML6;JAK2;RAF1;FZD9;GLI3;LRP5;PTGER1;LAMB2;IL2RG;NOTCH2;PRKCG;GADD45A;IFNGR2;GNAI3;MAP2K1;COL4A5;DDB2;IL23R;CALML4;ZBTB17;RASGRP3;FRAT2;FRAT1;GNG12;HDAC1;FZD10;PLCG2;WNT5A;GSTM2;CTBP2;CCNA2;BRCA2;FOS;GNG5;CCNE1;NOTCH3;HEY1;FZD2;FGFR2;CUL2;EGLN2;LAMB1,0.5316579459237629,74/209,EGF;LAMB1;CALML4;BIRC2;IL2RB;GSTA2;GSTA3;RASGRP3;TRAF2;TXNRD2;DAPK2;HDAC1;FZD8;SMO;CSF2RB;PLCG2;ADCY4;TGFB1;GNB2;IL7;MMP9;E2F3;FGF17;PTCH2;GSTM2;DAPK3;BDKRB2;IFNA21;BAK1;IL12B;AKT3;WNT8B;WNT8A;WNT10B;RUNX1T1;PTGER2;CTBP2;PLEKHG5;CALML6;CKS2;CCNA2;LAMB4;GNAI1;ALK;JAK2;FZD9;GLI3;COL4A4;ARNT2;FGF8;FOS;LAMB2;IL13;RASSF5;CCNE1;NOTCH2;BMP2;AGT;FGF10;GNG13;WNT9B;GADD45A;DLL4;IL23A;IFNGR2;FGFR2;GNAI3;RBX1;HHIP;KIF7;GNAI2;JAG2;PML;IFNA5,209
Linoleic acid metabolism,0.9233800854418452,7/15,PLA2G4A;CYP3A4;PLA2G1B;CYP2J2;PLA2G12A;PLA2G10;PLA2G2A,0.6617217408490095,5/15,CYP2C9;PLA2G6;PLA2G2A;CYP2J2;PLA2G4A,15
Complement and coagulation cascades,0.9276618369981912,20/39,F2RL3;THBD;PROC;F11;F12;C3AR1;C9;CFHR4;ITGAM;SERPINB2;C1R;BDKRB2;PLAU;C4B;F13A1;KLKB1;A2M;F3;F10;SERPINC1,0.8687338548917732,11/39,CFHR4;CFHR3;THBD;C4BPA;F13B;KLKB1;A2M;BDKRB2;F3;C5;C4B,39
Lipid and atherosclerosis,0.9279264945239223,45/83,MAP2K4;IFNA10;CALML4;NLRP3;TICAM2;IRF3;TRAF2;CYP2J2;CYP2A6;ICAM1;NCF4;IL18;CYP1A1;MMP1;MMP9;CCL2;PYCARD;CD40LG;DDIT3;TNFRSF1A;BAD;HSPA1L;MAP3K5;AKT3;IL12A;ATF6;NFKBIA;PPP3CC;CALML6;IKBKE;JAK2;FOS;TANK;RXRB;APOA1;SELE;MAPK11;HSPA6;CYBA;CCL5;IFNA8;NFE2L2;MAP2K6;CAMK2D;TLR2,0.5800296130841682,29/83,MAPK12;CALML4;NLRP3;VLDLR;CYP2A7;IRF3;TRAF2;CYP2J2;ICAM1;CYP2C9;IL18;CYP1A1;MMP9;CD40LG;IFNA21;MAP3K5;IL12B;AKT3;NOX1;ATF6;CALML6;JAK2;FOS;TANK;SELE;HSPA6;CCL5;MAP2K6;IFNA5,83
Lysosome,0.9316756135762193,34/64,ENTPD4;GNPTG;AP3B2;ATP6V0D1;HYAL4;NPC1;TCIRG1;CTNS;MFSD8;AP4S1;CTSO;LAMP2;AP4M1;CLTCL1;CTSK;SUMF1;LAMP3;CTSF;ARSG;CLTA;FUCA1;ATP6V0A2;NPC2;PPT2;CTSZ;AP1S3;SGSH;DNASE2B;ARSA;HYAL3;AP3B1;SLC17A5;GLA;ABCA2,0.6177437161070873,22/64,GNPTG;AP3B2;GNS;CTNS;CLTCL1;AP1B1;SLC17A5;LAMP3;CLTA;FUCA1;AP4B1;AP1M2;AP1S3;AP3S1;DNASE2B;MCOLN1;ARSA;NAGA;HYAL3;AP1S1;GLA;ABCA2,64
Platelet activation,0.9325709406977407,21/41,BTK;F2RL3;GP9;VAMP8;PIK3CG;PLCG2;ADCY4;ITPR3;MYLK2;P2RY12;LCP2;PLA2G4A;AKT3;GNAI1;MAPK11;GP1BB;STIM1;SYK;GNAI3;SNAP23;FCGR2A,0.3708488511106263,16/41,ADCY4;MAPK12;GP5;ITPR3;STIM1;MYLK2;GUCY1A2;GNAI1;SYK;GNAI3;GNAI2;PIK3CG;GP1BA;PLA2G4A;PLCG2;AKT3,41
Basal cell carcinoma,0.9331791749158622,16/32,WNT5B;FZD3;WNT5A;TCF7L1;BMP2;GADD45A;FZD2;FZD9;GLI3;KIF7;FZD10;GLI1;FZD8;SMO;DDB2;GADD45G,0.21067603903548512,14/32,WNT8A;WNT10B;BMP2;WNT9B;GADD45A;PTCH2;FZD9;GLI3;KIF7;HHIP;FZD8;SMO;BAK1;WNT8B,32
Gap junction,0.9331791749158622,16/32,ADCY4;TUBA3C;ITPR3;PRKCG;TUBB2A;MAP2K2;TUBB8;GNAI1;HTR2A;RAF1;GNAI3;TUBAL3;ADRB1;MAP2K1;TUBA1A;TUBA8,0.7491083134747147,10/32,EGF;ADCY4;TUBA3C;ITPR3;TUBB8;GNAI1;CSNK1D;GNAI3;GNAI2;GUCY1A2,32
Human papillomavirus infection,0.934618615329676,86/154,IFNA10;IRF3;ATP6V0D1;ITGA4;TSC1;CREB3;CCNE2;COL4A2;TLR3;ATP6V0E2;PPP2R2B;HEYL;DLG1;PPP2R5B;ITGB5;JAG1;AKT3;IRF9;LAMB4;COL6A3;STAT2;ITGB6;ATP6V1D;IRF1;ATP6V1G2;CHD4;E2F1;LAMC3;ATP6V1E1;COL6A2;COL9A2;ITGA7;TCIRG1;FZD8;LFNG;RPS6KB2;FZD3;ITGA11;ITGA8;TNFRSF1A;BAD;NOTCH1;IKBKE;LAMA3;COL4A4;LAMA2;ATP6V1G3;TUBG1;HES4;ATP6V0A2;COL9A3;IFNA8;ITGA6;WNT5B;CREB3L1;COL2A1;EIF4EBP1;HES6;MAP2K2;TCF7L1;RAF1;FZD9;LAMB2;ITGB7;UBR4;CREB3L4;NOTCH2;MAP2K1;COL4A5;PPP2R2A;ATP6V1B2;HDAC1;FZD10;WNT5A;PARD3;PPP2R3B;PPP2R5E;CCNA2;ATP6V1B1;CCNE1;NOTCH3;HEY1;FZD2;ATR;TNR;LAMB1,0.9165375624489068,47/154,EGF;MAML3;IRF3;ATP6V1B2;ITGA4;TSC1;CREB3;COL9A2;ITGA7;LFNG;FZD8;EIF4EBP1;CHAD;ITGA10;HDAC1;HES6;PPP2R2B;PARD3;LLGL1;TUBG2;THBS3;IFNA21;BAK1;AKT3;WNT8B;TBP;WNT10B;WNT8A;CCNA2;LAMB4;FZD9;COL4A4;ATP6V0E1;ITGB6;TUBG1;LAMB2;CCNE1;IRF1;UBR4;NOTCH2;WNT9B;ATR;EIF2AK2;TNR;HES7;LAMB1;IFNA5,154
Autoimmune thyroid disease,0.9347023850203173,10/21,HLA-DRB1;HLA-DRB4;IFNA10;TG;TPO;CD40LG;HLA-DOB;IFNA8;HLA-DRB3;HLA-DMB,0.8111729229789579,6/21,TG;CD40LG;TSHB;IFNA21;IFNA5;HLA-DMB,21
Long-term depression,0.9384092834852147,11/23,BRAF;PRKCG;ITPR3;ARAF;MAP2K2;GRIA1;GNAI1;RAF1;GNAI3;MAP2K1;PLA2G4A,0.7610291299009153,7/23,ITPR3;GNAI1;GNAI3;GRID2;GNAI2;PLA2G4A;GUCY1A2,23
Hematopoietic cell lineage,0.9413178058287804,23/45,IL7R;HLA-DRB1;CD1B;GP9;ITGA4;IL7;CD37;CD5;ITGAM;HLA-DOB;CD24;CD9;HLA-DMB;GP1BB;HLA-DRB4;CD1C;CD2;CD8A;TFRC;ITGA6;CSF1R;HLA-DRB3;CD3G,0.8602576215234898,13/45,IL7;CD37;GP5;CD5;CD1C;CD1B;CD2;CD8A;ITGA4;CD4;CD9;GP1BA;HLA-DMB,45
"Parathyroid hormone synthesis, secretion and action",0.9413178058287804,23/45,CREB3L1;NR4A2;CREB3;MMP14;PTH;ADCY4;ITPR3;BRAF;ARAF;MMP13;GNAI1;RAF1;LRP5;FOS;CYP27B1;RXRB;CREB3L4;MAFB;PRKCG;PLD2;GNAI3;MAP2K1;EGR1,0.4264467350333819,17/45,MAFB;ADCY4;TRPV5;SLC34A1;ITPR3;SOST;PDE4B;CYP27B1;GCM2;NR4A2;GNAI1;FOS;CREB3;MMP16;MMP14;GNAI3;GNAI2,45
Melanogenesis,0.9413178058287804,23/45,WNT5B;CREB3L1;CALML4;CREB3;FZD10;FZD8;FZD3;ADCY4;WNT5A;MAP2K2;EDN1;TCF7L1;TYRP1;CALML6;GNAI1;RAF1;FZD9;CREB3L4;PRKCG;FZD2;GNAI3;CAMK2D;MAP2K1,0.7760922411889332,14/45,ADCY4;WNT8A;WNT10B;CALML4;ASIP;CALML6;WNT9B;GNAI1;FZD9;CREB3;GNAI3;GNAI2;FZD8;WNT8B,45
Relaxin signaling pathway,0.9426815179717841,28/54,MAP2K4;CREB3L1;GNG12;CREB3;COL4A2;ADCY4;MMP1;SHC3;MMP9;MAP2K2;EDN1;RLN2;AKT3;NFKBIA;MMP13;GNG8;GNAI1;RAF1;FOS;GNG5;COL4A4;INSL5;MAPK11;CREB3L4;GNG3;GNAI3;MAP2K1;COL4A5,0.7725879406866377,17/54,ADCY4;TGFB1;MAPK12;GNB2;GNG13;SHC3;MMP9;GNAI1;RLN3;FOS;CREB3;COL4A4;GNAI3;RLN2;GNAI2;INSL5;AKT3,54
Ras signaling pathway,0.9473208720112876,46/86,NGFR;HTR7;INS;CALML4;RASGRP3;GNG12;RASAL1;PLA2G12A;PLA2G10;PLCG2;SHC3;MAP2K2;FGF17;SYNGAP1;FGF22;PLA2G1B;TEK;RGL2;RRAS2;BAD;PLA2G4A;FGF3;EXOC2;AKT3;REL;GNG8;CALML6;MAP2K1;RIN1;RAF1;GNG5;FGF6;PLA2G2A;EPHA2;RAB5B;PAK6;PRKCG;PLD2;GNG3;FGF10;FGFR2;NTF4;CSF1R;RASA1;SHOC2;RASSF5,0.8713127549639401,26/86,EGF;RASGRF2;NGFR;CALML4;INS;RASGRP3;PLCG2;GNB2;EFNA4;SHC3;PLA2G6;FGF17;TEK;PLA2G4A;AKT3;CALML6;RIN1;FGF8;NGF;PLA2G2A;RAB5B;GNG13;FGF10;FGFR2;BRAP;RASSF5,86
Colorectal cancer,0.9486660312767963,14/29,BRAF;TCF7L1;GADD45G;ARAF;MAP2K2;MSH2;GADD45A;MAP2K1;RAF1;FOS;RPS6KB2;BAD;DDB2;AKT3,0.9331614026281504,7/29,EGF;TGFB1;GADD45A;AREG;FOS;BAK1;AKT3,29
Alcoholism,0.9488335474632345,25/49,CREB3L1;CALML4;GNG12;ADORA2B;CREB3;HDAC1;SLC18A1;SHC3;SLC18A2;SLC6A3;BRAF;ARAF;GNG8;CALML6;HDAC11;GNAI1;RAF1;GNG5;CREB3L4;GRIN3A;GNG3;GNAI3;CAMKK1;MAP2K1;CAMK4,0.7085743718598996,16/49,GNB2;GNG13;CALML4;HDAC3;SHC3;CALML6;MAOA;HDAC11;GNAI1;GNAI3;CREB3;SLC6A3;GNAI2;HDAC1;SLC18A2;CAMK4,49
AGE-RAGE signaling pathway in diabetic complications,0.9546734071516392,16/33,MAPK11;PLCD4;AGT;EGR1;CCL2;THBD;EDN1;JAK2;COL4A2;COL4A4;ICAM1;F3;COL4A5;PLCG2;SELE;AKT3,0.5216852719583918,12/33,TGFB1;MAPK12;AGT;NOX1;THBD;JAK2;COL4A4;ICAM1;F3;PLCG2;SELE;AKT3,33
Bile secretion,0.95543253545239,22/44,EPHX1;CA2;ATP1B2;CYP3A4;UGT2A3;ABCC3;SLC9A3;ADCY4;ATP1B3;SLC9A1;ABCB1;ABCB11;UGT1A8;NR0B2;AQP9;ATP1A3;SLC27A5;SLCO1B1;SLC4A2;SLC5A1;ATP1A2;ATP1A1,0.6302743754177652,15/44,EPHX1;CA2;ADCY4;ATP1B3;ATP1B2;SCT;AQP9;ATP1A3;NR1H4;AQP8;ATP1A1;ABCB11;ATP1B4;CYP7A1;UGT2B7,44
Tryptophan metabolism,0.9573488503479812,9/20,ALDH7A1;IL4I1;CYP1A1;AADAT;CYP1B1;AFMID;EHHADH;ALDH9A1;ASMT,0.5999867179977203,7/20,TPH1;ALDH7A1;CYP1A1;MAOA;AFMID;EHHADH;INMT,20
NOD-like receptor signaling pathway,0.9578669415873982,37/71,CASP5;IFNA10;DNM1L;BIRC2;NLRP3;IRF3;TRAF2;GBP2;NLRC4;TRPV2;ITPR3;IL18;CCL2;PYCARD;CAMP;RIPK3;PSTPIP1;NOD2;GABARAP;NFKBIA;IRF9;RIPK1;IKBKE;STAT2;TXN2;TANK;DEFA1;MAPK11;CYBA;DEFA4;RNASEL;CCL5;IFNA8;RBCK1;ATG16L1;CARD6;GSDMD,0.7445606400783357,23/71,MAPK12;BIRC2;NLRP3;IRF3;TRAF2;NLRC4;TRPV2;ITPR3;IL18;NFKBIB;CAMP;RIPK3;IFNA21;GABARAP;RIPK1;RNF31;TANK;DEFA1;DEFA4;RNASEL;CCL5;IFNA5;GSDMD,71
Rap1 signaling pathway,0.9578669415873982,37/71,NGFR;F2RL3;CALML4;INS;RASGRP3;ADORA2B;CTNND1;ADCY4;ITGAM;MAP2K2;PARD3;SIPA1L2;FGF17;FGF22;LCP2;FPR1;TEK;AKT3;BRAF;SIPA1;CALML6;GNAI1;RAF1;FGF6;PFN3;EPHA2;RASSF5;MAPK11;FARP2;PRKCG;FGF10;FGFR2;GNAI3;CSF1R;MAP2K6;MAP2K1;FGF3,0.3663150973520002,27/71,EGF;MAPK12;NGFR;CALML4;INS;RASGRP3;CTNND1;ADCY4;EFNA4;PARD3;SIPA1L2;FGF17;TEK;AKT3;CALML6;GNAI1;FGF8;NGF;PFN3;FARP2;PFN4;FGF10;FGFR2;GNAI3;MAP2K6;GNAI2;RASSF5,71
Cholesterol metabolism,0.9590622874106025,10/22,APOC2;LCAT;APOA2;LPL;CETP;OSBPL5;ABCB11;NPC1;NPC2;APOA1,0.977906637641066,4/22,LCAT;CETP;CYP7A1;ABCB11,22
Chagas disease,0.9647552019067072,20/41,MAP2K4;IFNGR1;PPP2R2A;CD3G;PPP2R2B;CCL2;BDKRB2;TNFRSF1A;AKT3;IL12A;TLR9;NFKBIA;GNAI1;FOS;MAPK11;IFNGR2;CCL5;GNAI3;TLR2;CALR,0.8395621125688973,12/41,TGFB1;MAPK12;PPP2R2B;IFNGR2;GNAI1;CCL5;FOS;GNAI3;GNAI2;BDKRB2;IL12B;AKT3,41
IL-17 signaling pathway,0.9669101380652054,21/43,CCL20;IL17C;CCL7;TRAF2;IL17D;MMP1;MMP9;S100A7;CCL2;IL17RB;NFKBIA;MMP13;IL17A;S100A9;IKBKE;FOS;CCL17;MAPK11;MAPK4;S100A8;IL17B,0.9952910458045903,8/43,MAPK4;MAPK12;MMP9;S100A7;IL17RB;TRAF2;FOS;IL13,43
Morphine addiction,0.9689335811793208,22/45,GABRR1;KCNJ3;GNG12;GABRA3;GABRP;ADCY4;GABBR2;PDE3B;GABRA6;PDE2A;GNG8;GNAI1;GABRG3;GRK6;GNG5;KCNJ6;PRKCG;GABRA5;GNG3;GNAI3;PDE7B;PDE7A,0.4264467350333819,17/45,ADCY4;GNB2;GNG13;PDE3B;PDE4B;GABRR1;KCNJ9;PDE8A;GNAI1;GABRA3;GRK6;GNAI3;PDE3A;PDE7B;PDE2A;GNAI2;PDE7A,45
TGF-beta signaling pathway,0.9698565202541751,16/34,BMP8B;GREM1;BMP2;GDF5;LEFTY1;RGMB;BAMBI;BMPR1B;HAMP;AMHR2;FMOD;RBX1;TGIF2;RPS6KB2;AMH;SMURF2,0.429668266731444,13/34,TGFB1;GREM1;BMP2;NODAL;GDF5;RGMB;BAMBI;BMPR1B;AMHR2;RBX1;TGIF2;INHBE;AMH,34
Pertussis,0.9698565202541751,16/34,IL12A;MAPK11;IRF8;CALML4;ITGAM;NLRP3;PYCARD;TICAM2;CALML6;IRF3;GNAI1;FOS;GNAI3;C1R;C4B;IRF1,0.18872406866300867,15/34,MAPK12;CALML4;C4BPA;NLRP3;CALML6;IRF3;IL23A;GNAI1;FOS;GNAI3;GNAI2;C5;C4B;IL12B;IRF1,34
Inflammatory mediator regulation of TRP channels,0.9715043451172973,17/36,ADCY4;PRKCG;ITPR3;CALML4;PTGER2;P2RY2;CALML6;HTR2A;CYP2J2;MAP2K6;TRPM8;CAMK2D;BDKRB2;PLA2G4A;PLCG2;TRPV2;MAPK11,0.2687571037300811,15/36,ADCY4;MAPK12;ITPR3;CALML4;PTGER2;CALML6;PLA2G6;CYP2J2;MAP2K6;TRPM8;BDKRB2;NGF;PLA2G4A;PLCG2;TRPV2,36
B cell receptor signaling pathway,0.9730829943802753,18/38,BTK;NFKBIE;NFKBIA;MAP2K2;LILRB1;PPP3CC;CARD11;RASGRP3;SYK;RAF1;FOS;LILRA5;DAPP1;MAP2K1;INPPL1;BLNK;PLCG2;AKT3,0.8437583470765242,11/38,NFKBIE;NFKBIB;LILRA4;RASGRP3;SYK;FOS;DAPP1;INPPL1;FCGR2B;PLCG2;AKT3,38
Gastric cancer,0.9736728448594797,35/69,WNT5B;FRAT2;FRAT1;CCNE2;RPS6KB2;FZD10;FZD8;GADD45G;FZD3;WNT5A;SHC3;MAP2K2;E2F3;FGF17;FGF22;ABCB1;AKT3;BRAF;TCF7L1;ARAF;RAF1;LRP5;FZD9;FGF6;RXRB;CCNE1;FGF10;GADD45A;FZD2;FGFR2;E2F1;CDX2;MAP2K1;FGF3;DDB2,0.963279901016762,18/69,EGF;WNT8A;TGFB1;WNT10B;FGF10;SHC3;E2F3;FGF17;WNT9B;GADD45A;AKT3;FGFR2;FZD9;FGF8;CCNE1;FZD8;BAK1;WNT8B,69
Sphingolipid metabolism,0.97382232024795,7/17,GAL3ST1;SPHK2;UGCG;ARSA;GLA;SGPP2;UGT8,0.9040188791768646,4/17,GLA;UGT8;ARSA;SPTLC1,17
Nicotine addiction,0.9749492135070547,10/23,GRIN3A;CHRNA4;SLC17A7;GABRA5;GABRR1;GRIA1;GABRG3;GABRA3;GABRA6;GABRP,0.9994279507335607,2/23,GABRR1;GABRA3,23
Coronavirus disease,0.9800591590819435,44/86,IFNA10;RPS16;NLRP3;IRF3;C3AR1;RPS18;RPS12;IFIH1;PLCG2;C9;TLR3;MMP1;CCL2;TLR8;RPS21;C1R;TNFRSF1A;RPL36AL;IL12A;NFKBIA;IRF9;RPS3;RPL35A;RPL22L1;RPS27L;IKBKE;FOS;UBA52;STAT2;RPL7;RPS20;RPL36;RPL10L;MAPK11;C4B;RPS9;PRKCG;RPL8;RPS23;SYK;IFNA8;F13A1;TLR2;FCGR2A,0.9453890305895983,24/86,MAPK12;F13B;NLRP3;IRF3;RPS18;RPS12;PLCG2;C5;NFKBIB;RPS21;IFNA21;RPL3L;IL12B;RPS3;RPL22L1;FOS;RPL36;C4B;RPL8;RPS23;SYK;RPS4Y2;EIF2AK2;IFNA5,86
Natural killer cell mediated cytotoxicity,0.9810693904190069,24/50,KIR3DL3;IFNGR1;IFNA10;MICA;ICAM1;HCST;TYROBP;PLCG2;NCR3;SHC3;MAP2K2;LCP2;NCR2;BRAF;ARAF;PPP3CC;RAF1;PRKCG;KIR2DS1;IFNGR2;SYK;IFNA8;MAP2K1;KLRC2,0.9707083847038191,12/50,KLRC2;ULBP1;KIR2DL2;NCR3;SHC3;IFNGR2;SYK;MICA;ICAM1;IFNA21;IFNA5;PLCG2,50
Pancreatic secretion,0.982165961704857,25/52,RAB27B;CA2;CPB1;ATP1B2;ATP2A1;CLCA2;CPA1;PLA2G12A;PLA2G10;BST1;ADCY4;ATP1B3;ITPR3;PLA2G1B;SLC9A1;AMY1C;RYR2;ATP1A3;PLA2G2A;PRKCG;CCKAR;SLC4A2;ATP1A2;ATP1A1;CLCA1,0.601767749026145,18/52,RAB27B;BST1;CA2;ADCY4;ATP1B3;ITPR3;ATP1B2;ATP1A3;CCKAR;ATP1A1;PNLIPRP1;CLCA2;AMY1C;PNLIP;PLA2G2A;ATP1B4;RYR2;SCT,52
Glutamatergic synapse,0.9855922982170633,22/47,KCNJ3;GNG12;HOMER1;ADCY4;ITPR3;SLC17A7;PLA2G4A;GRM4;GNG8;PPP3CC;SLC1A7;GRIA1;GNAI1;GNG5;GRM6;GRIN3A;PRKCG;PLD2;GNG3;SHANK3;GNAI3;SLC1A6,0.9734878711381235,11/47,ADCY4;GNB2;ITPR3;GNG13;GRM4;SLC1A7;GNAI1;GNAI3;SLC1A6;GNAI2;PLA2G4A,47
Graft-versus-host disease,0.9858855160124715,6/16,HLA-DRB1;KIR3DL3;HLA-DRB4;HLA-DOB;HLA-DRB3;HLA-DMB,0.9911484364010654,2/16,KIR2DL2;HLA-DMB,16
Renin-angiotensin system,0.9858855160124715,6/16,AGT;PREP;THOP1;ATP6AP2;MRGPRD;NLN,0.95834446568517,3/16,AGTR2;AGT;NLN,16
PI3K-Akt signaling pathway,0.9888330742229303,79/150,IFNA10;INS;ITGA4;TSC1;CREB3;CCNE2;TCL1A;COL4A2;PPP2R2B;TEK;PPP2R5B;ITGB5;AKT3;PKN3;GNG8;LAMB4;COL6A3;ITGB6;CSH2;GNG3;FGF10;SYK;NTF4;CSF1R;FGF3;IL7R;IL2RB;LAMC3;COL6A2;COL9A2;ITGA7;RPS6KB2;ITGA11;ITGA8;BAD;LAMA3;COL4A4;LAMA2;FGF6;COL9A3;IFNA8;SGK1;ITGA6;TLR2;CREB3L1;NGFR;IRS1;CDC37;COL2A1;PIK3CG;EIF4EBP1;IL7;MAP2K2;FGF17;TCL1B;FGF22;SGK3;GYS1;JAK2;RAF1;EIF4E2;LAMB2;EPHA2;ITGB7;CREB3L4;IL2RG;MAP2K1;COL4A5;PRKAA1;PPP2R2A;GNG12;YWHAH;PPP2R3B;PPP2R5E;GNG5;CCNE1;FGFR2;TNR;LAMB1,0.9077339508653387,46/150,EGF;LAMB1;NGFR;INS;IL2RB;ITGA4;TSC1;CREB3;COL9A2;ITGA7;PIK3CG;EIF4EBP1;CHAD;ITGA10;YWHAH;IL7;GNB2;EFNA4;PPP2R2B;FGF17;TCL1B;GYS2;TEK;THBS3;IFNA21;AKT3;PKN3;LAMB4;AREG;JAK2;EIF4E2;COL4A4;FGF8;ITGB6;LAMB2;NGF;CCNE1;GNG13;FGF10;FGFR2;SYK;SGK1;TNR;G6PC3;IFNA5;PRKAA1,150
Fat digestion and absorption,0.9912048233701927,10/25,DGAT1;PLA2G1B;MOGAT2;MTTP;AGPAT1;PLA2G10;PLA2G12A;LIPF;PLA2G2A;APOA1,0.9244016825672937,6/25,DGAT1;PNLIPRP1;MTTP;FABP2;PNLIP;PLA2G2A,25
RIG-I-like receptor signaling pathway,0.9915826746698143,14/33,IL12A;IFNA10;NFKBIA;RNF125;DHX58;RIPK1;IRF3;IKBKE;IFNA8;TRAF2;TANK;IFIH1;PIN1;MAPK11,0.6632406314115165,11/33,MAPK12;DHX58;NFKBIB;RNF125;RIPK1;IRF3;TRAF2;IFNA21;TANK;IFNA5;IL12B,33
Primary bile acid biosynthesis,0.9932440254314963,5/15,SLC27A5;CH25H;ACOX2;SCP2;CYP46A1,0.8365411717136093,4/15,SCP2;ACOT8;CYP7A1;AKR1C4,15
Calcium signaling pathway,0.9938147701442602,53/106,CCKBR;HTR7;CAMK1D;CALML4;SLC25A31;ATP2A1;ASPH;HTR2A;HTR6;ADORA2B;CACNA1G;ADRA1A;PHKA2;PLCG2;ADCY4;ITPR3;P2RX3;FGF17;MYLK2;FGF22;PHKG1;MCOLN2;BDKRB2;STIM2;PPIF;MCOLN3;RYR2;MST1R;PPP3CC;MST1;CALML6;SPHK2;CASQ1;CACNA1F;HRC;PTGER1;ADRA1D;ADRB1;FGF6;CASQ2;PLCD4;PRKCG;FGF10;STIM1;CCKAR;FGFR2;ADRB3;ITPKB;CAMK2D;RYR3;FGF3;ADRB2;CAMK4,0.7964726091061864,34/106,EGF;CCKBR;CAMK1D;CALML4;ASPH;HTR6;CACNA1G;PLCG2;ADCY4;ITPR3;FGF17;MYLK2;MCOLN2;BDKRB2;STIM2;MCOLN3;RYR2;MST1R;MST1;CALML6;P2RX4;CASQ1;P2RX2;FGF8;NGF;FGF10;STIM1;CCKAR;MCOLN1;FGFR2;ITPKB;ADRB2;CAMK1;CAMK4,106
Measles,0.9939696639103726,23/51,EIF3H;IFNA10;IL2RB;IRF3;CCNE2;RAB9A;IFIH1;HSPA1L;BAD;AKT3;IL12A;TLR9;NFKBIA;IRF9;IKBKE;FOS;STAT2;CCNE1;IL2RG;HSPA6;IFNA8;TLR2;CD3G,0.773479827992173,16/51,HSPA6;EIF3H;IL12B;NFKBIB;IFNA5;IL2RB;IRF3;FOS;EIF2AK2;CCNE1;RAB9A;IFNA21;FCGR2B;BAK1;EIF2AK4;AKT3,51
Hippo signaling pathway,0.995018439008653,27/59,WNT5B;DCHS1;PPP2R2A;CRB2;BIRC2;FZD10;FZD8;TEAD4;YWHAH;FZD3;WNT5A;PPP2R2B;PARD3;AFP;RASSF2;RASSF6;DLG1;LIMD1;BMP8B;TCF7L1;SNAI2;FZD9;AMH;BMP2;FZD2;BMPR1B;GDF5,0.3289651694460616,23/59,CRB2;BIRC2;CSNK1D;FZD8;TEAD4;YWHAH;TGFB1;PPP2R2B;PARD3;LLGL1;RASSF2;WNT8B;WNT8A;WNT10B;AREG;FZD9;AMH;BMP2;WNT9B;NKD1;BMPR1B;AMOT;GDF5,59
Hepatitis C,0.9954948330491502,29/63,CLDN23;PPP2R2A;IFNA10;IRF3;TRAF2;YWHAH;TLR3;PPP2R2B;MAP2K2;E2F3;TNFRSF1A;BAD;AKT3;BRAF;NFKBIA;IRF9;ARAF;CLDN2;RIPK1;IKBKE;RAF1;STAT2;CLDN15;CLDN10;CLDN7;RNASEL;IFNA8;E2F1;MAP2K1,0.9673149332833211,16/63,EGF;PPP2R2B;IFNA5;E2F3;RIPK1;IRF3;RNASEL;TRAF2;CLDN6;EIF2AK2;IFNA21;CLDN15;BAK1;YWHAH;EIF2AK4;AKT3,63
Signaling pathways regulating pluripotency of stem cells,0.996383350300364,25/56,WNT5B;PCGF2;LEFTY1;FZD10;FZD8;FZD3;WNT5A;NANOG;MAP2K2;SMARCAD1;AKT3;RAF1;FZD9;JAK2;JARID2;DLX5;MAPK11;SKIL;KLF4;HESX1;FZD2;BMPR1B;FGFR2;PCGF6;MAP2K1,0.8257120472674677,17/56,WNT8A;WNT10B;MAPK12;NODAL;WNT9B;SMARCAD1;AKT3;KLF4;BMPR1B;JAK2;FZD9;FGFR2;PCGF6;DLX5;FZD8;INHBE;WNT8B,56
Serotonergic synapse,0.9985354785768169,26/60,HTR7;KCNJ3;GNG12;HTR2A;HTR6;CYP2J2;HTR1B;SLC18A1;ALOX15B;ITPR3;SLC18A2;HTR1A;PLA2G4A;BRAF;ARAF;ALOX5;GNG8;GNAI1;CACNA1F;RAF1;GNG5;KCNJ6;PRKCG;GNG3;GNAI3;MAP2K1,0.846447302764162,18/60,ALOX12B;TPH1;GNB2;ITPR3;CYP2C9;GNG13;KCNJ9;MAOA;GNAI1;HTR6;CYP2J2;GNAI3;HTR1F;GNAI2;HTR1B;SLC18A2;PLA2G4A;ALOX15B,60
Hedgehog signaling pathway,0.9986397736229372,8/24,MEGF8;SMO;DHH;SCUBE2;GLI3;KIF7;GLI1;SMURF2,0.33004546017124664,10/24,MEGF8;MGRN1;DHH;PTCH2;CSNK1D;IQCE;GLI3;KIF7;HHIP;SMO,24
JAK-STAT signaling pathway,0.9986905235438988,29/66,IL7R;IFNGR1;IFNA10;IL2RB;IL9;IL20RB;IL17D;STAT6;IL7;IL22;LEPR;PIAS4;AKT3;IL12A;IL10RB;IRF9;IL20;STAM;PIAS2;RAF1;JAK2;STAT2;LEP;IL2RG;CSH2;IFNGR2;IFNA8;IL21R;IL23R,0.9385611090650505,18/66,EGF;IL7;IL10RB;FHL1;IFNA5;IL2RB;IL20;STAM;IL23A;IL13;IFNGR2;JAK2;IFNA21;CSF2RB;LEP;CRLF2;IL12B;AKT3,66
Cytokine-cytokine receptor interaction,0.9987386053187663,79/158,IFNA10;TNFRSF10C;CXCL14;IL31;CCL1;IL33;TNFRSF14;CCL22;IL18;CCL16;IL22;LEPR;IL12A;BMP8B;TNFRSF13B;IL20;TNFSF13B;PPBP;LEP;CCL4;CSH2;BMP2;TNFRSF9;CX3CR1;IL17B;CSF1R;IL18RAP;IL7R;CCL20;IFNGR1;CXCR3;TNFRSF4;IL2RB;CCR7;TNFSF12;IL17D;EDA2R;CD40LG;TNFRSF1A;BMP15;CD70;IFNA8;IL21R;CCR10;GDF5;NGFR;CCL19;IL9;GDF3;IL20RB;TNFRSF1B;GDF1;IL7;CCL2;IL17RB;TNFSF18;GDF9;IL10RB;IL17A;AMH;IL2RG;PF4;IFNGR2;BMPR1B;CCL5;TNFSF14;IL23R;IL27;IL17C;CCL7;CCR4;AMHR2;PF4V1;CCL15;CCR9;CD27;CCL17;TNFSF4;TNFRSF19,0.7201258079684321,53/158,NGFR;TNFRSF10C;CCL19;CXCL14;IL2RB;NODAL;CCL1;IL1RL1;TNFRSF1B;CRLF2;TNFRSF14;CSF2RB;CCL22;TGFB1;IL7;IL18;GDF15;CCL25;EDA2R;CD40LG;IL17RB;AMHR2;IFNA21;PF4V1;IL12B;IL10RB;IL20;BMP3;TNFSF13B;CD4;PPBP;XCL2;CD70;LEP;CD27;INHBE;IL13;NGF;AMH;TNFRSF13C;CCL4;PF4;BMP2;CCL24;INHA;IL23A;IFNGR2;BMPR1B;CCL5;TNFSF14;IFNA5;GDF5;TNFRSF19,158
Amoebiasis,0.9996069563865084,19/49,CD1B;LAMC3;COL4A2;C9;ITGAM;IL12A;LAMB4;LAMA3;COL4A4;LAMA2;ARG2;LAMB2;RAB5B;PRKCG;CD1C;SERPINB4;TLR2;COL4A5;LAMB1,0.9830885128590687,11/49,TGFB1;LAMB1;CD1C;CD1B;LAMB4;COL4A4;ARG2;LAMB2;ARG1;RAB5B;IL12B,49
Taste transduction,0.9999208114476014,19/52,TAS2R14;GABRA3;HTR1B;TAS2R41;ADCY4;GABBR2;ITPR3;P2RX3;GABRA6;TAS2R40;TAS2R7;HTR1A;TRPM5;GRM4;TAS2R13;TAS2R3;GABRA5;TAS2R16;TAS2R39,0.9268613384310137,14/52,TAS2R45;ADCY4;ITPR3;TRPM5;GNG13;GRM4;TAS2R14;P2RX2;GABRA3;TAS2R60;PKD2L1;HTR1F;HTR1B;TAS1R2,52
Neuroactive ligand-receptor interaction,0.9999346422827735,103/211,HTR7;HTR6;GABRP;PTH;MCHR2;HCRT;TAAR5;LEPR;GABRA6;FPR1;RLN2;HTR1A;CHRNA3;P2RY8;GHSR;CHRNB3;OPRL1;ADRB1;LEP;INSL5;IAPP;P2RY10;CSH2;AGT;PPY;PENK;ADRB2;GPR83;P2RY13;S1PR1;F2RL3;NMUR1;GIP;GABRA3;ADORA2B;PTGDR;TAAR8;P2RX3;MC2R;BDKRB2;CRHR2;CHRNA5;GRM4;GNRH2;GAL;HCRTR1;ADRA1D;PYY;GCGR;ADRA2B;TAC3;LTB4R;CCKAR;UCN;CCKBR;GNRH1;ADCYAP1;MC4R;GABRR1;HTR2A;C3AR1;HTR1B;GHRHR;SLURP1;GABBR2;ADM;EDN1;CALCRL;GLRA2;GHRL;EDN2;PTGER2;CHRNA9;ADCYAP1R1;GRIA1;ADRA2C;GABRG3;PTGER1;CHRNE;GRM6;AVP;PRLH;GABRA5;TAAR9;CHRNA4;P2RY2;GLRB;ADRA1A;CALCB;CHRNB4;PARD3;HCRTR2;GHRH;PRLHR;NMU;GRIN3A;MCHR1;FSHB;MTNR1A;MTNR1B;CHRNA1;ADRB3;TRH,0.9645725806975405,63/211,S1PR2;CCKBR;S1PR1;NPFFR1;GNRH1;ADCYAP1;MC4R;GABRR1;GPR83;GABRA3;GLRB;HTR6;GRID2;HTR1F;HTR1B;CHRNA2;GHRHR;C5;PMCH;GPR50;ADM;PARD3;TSHB;VIPR1;GLRA2;TAC4;UCN;RLN2;BDKRB2;AGTR2;CHRNA3;GHRL;SCT;OPRD1;UCN2;P2RY8;GRM4;PTGER2;HCRTR2;GNRH2;P2RX4;GAL;P2RX2;RLN3;OPRL1;LEP;PYY;INSL5;GCGR;PRLHR;NMU;GALR2;ADRA2B;AGT;NMBR;CCKAR;MTNR1B;GCG;GRP;TRH;PENK;ADRB2;P2RY13,211
Olfactory transduction,0.9999978724542887,52/125,OR6K2;OR4D2;OR1F1;CALML4;OR7D2;OR4K1;OR5AK2;OR7G3;OR4X2;OR10A4;OR7E24;OR5P3;OR1Q1;OR10T2;OR2V2;OR2T8;OR52K2;OR13C4;OR8D1;PDE2A;OR51D1;RGS2;OR2A7;CALML6;OR51A7;OR10H3;OR51G1;SLC24A4;OR2M2;OR6N1;OR5T2;OR2C3;OR51B4;OR12D3;OR2A14;OR2H2;OR51B5;OR7A5;OR7D4;OR1D2;OR52B2;OR10H4;OR10C1;OR2C1;OR5I1;CAMK2D;OR1S2;OR10J3;OR4A15;OR7A17;OR8G1;OR4K17,0.9999999917013489,17/125,OR1N2;OR1E1;OR2W1;GNG13;OR7A5;OR4D2;OR5AP2;CALML6;CALML4;OR3A1;OR4D5;OR10H3;PDE2A;OR2T5;OR1S2;OR52A1;OR1Q1,125
